Indicador,Data,Reuniao,Media,Mediana,DesvioPadrao,Minimo,Maximo,numeroRespondentes,baseCalculo
Selic,2025-08-29,R5/2027,10.4269,10.5,0.8693000000000001,9.0,12.5,26,1
Selic,2025-08-29,R5/2027,11.0167,11.0,1.1082,9.0,15.0,96,0
Selic,2025-08-29,R4/2027,10.7333,10.5,0.8009000000000001,9.5,12.5,30,1
Selic,2025-08-29,R4/2027,11.2543,11.0,1.0231,9.0,15.0,115,0
Selic,2025-08-29,R3/2027,11.0403,11.0,0.7883,10.0,13.0,31,1
Selic,2025-08-29,R3/2027,11.4915,11.5,0.9775,9.5,15.0,118,0
Selic,2025-08-29,R2/2027,11.3145,11.5,0.7698,10.0,13.0,31,1
Selic,2025-08-29,R2/2027,11.7331,11.75,0.937,9.5,15.0,118,0
Selic,2025-08-29,R1/2027,11.6294,11.75,0.7717,10.0,13.25,31,1
Selic,2025-08-29,R1/2027,12.0213,12.0,0.8945000000000001,9.5,15.0,118,0
Selic,2025-08-29,R8/2026,12.0432,12.0,0.9317000000000001,10.0,15.0,37,1
Selic,2025-08-29,R8/2026,12.3279,12.5,0.8862,9.5,15.0,136,0
Selic,2025-08-29,R7/2026,12.2225,12.25,0.9311,10.0,15.0,36,1
Selic,2025-08-29,R7/2026,12.5039,12.5,0.8697,9.5,15.0,132,0
Selic,2025-08-29,R6/2026,12.4722,12.5,0.9369000000000001,10.0,15.0,36,1
Selic,2025-08-29,R6/2026,12.7519,12.75,0.8525,10.0,15.0,132,0
Selic,2025-08-29,R5/2026,12.8194,13.0,0.9622,10.0,15.0,36,1
Selic,2025-08-29,R5/2026,13.0758,13.0,0.8371000000000001,10.0,15.0,132,0
Selic,2025-08-29,R4/2026,13.2667,13.25,0.8987,10.5,15.0,36,1
Selic,2025-08-29,R4/2026,13.4818,13.5,0.7772,10.5,15.0,132,0
Selic,2025-08-29,R3/2026,13.7639,13.75,0.7614000000000001,11.5,15.0,36,1
Selic,2025-08-29,R3/2026,13.917300000000001,14.0,0.6722,11.5,15.0,133,0
Selic,2025-08-29,R2/2026,14.2292,14.25,0.5874,12.5,15.0,36,1
Selic,2025-08-29,R2/2026,14.3252,14.5,0.5274,12.5,15.0,133,0
Selic,2025-08-29,R1/2026,14.6284,14.75,0.4053,13.5,15.0,37,1
Selic,2025-08-29,R1/2026,14.6791,14.75,0.37360000000000004,13.5,15.0001,134,0
Selic,2025-08-29,R8/2025,14.8851,15.0,0.1892,14.5,15.0,37,1
Selic,2025-08-29,R8/2025,14.8993,15.0,0.20500000000000002,14.0,15.0001,139,0
Selic,2025-08-29,R7/2025,14.9959,15.0,0.0441,14.75,15.1,37,1
Selic,2025-08-29,R7/2025,14.986,15.0,0.0734,14.5,15.1,136,0
Selic,2025-08-29,R6/2025,15.0027,15.0,0.0162,15.0,15.1,37,1
Selic,2025-08-29,R6/2025,15.0007,15.0,0.0085,15.0,15.1,136,0
Selic,2025-08-28,R5/2027,10.9462,10.75,1.0629,9.0,15.0,65,1
Selic,2025-08-28,R5/2027,11.0182,11.0,1.1035,9.0,15.0,96,0
Selic,2025-08-28,R4/2027,11.2365,11.0,0.982,9.5,15.0,74,1
Selic,2025-08-28,R4/2027,11.2609,11.25,1.0185,9.0,15.0,115,0
Selic,2025-08-28,R3/2027,11.4638,11.5,0.9483,10.0,15.0,76,1
Selic,2025-08-28,R3/2027,11.5,11.5,0.9764,9.5,15.0,118,0
Selic,2025-08-28,R2/2027,11.6908,11.625,0.904,10.0,15.0,76,1
Selic,2025-08-28,R2/2027,11.7415,12.0,0.9371,9.5,15.0,118,0
Selic,2025-08-28,R1/2027,11.9539,12.0,0.8743000000000001,10.0,15.0,76,1
Selic,2025-08-28,R1/2027,12.0297,12.0,0.8956000000000001,9.5,15.0,118,0
Selic,2025-08-28,R8/2026,12.2651,12.25,0.9112,10.0,15.0,83,1
Selic,2025-08-28,R8/2026,12.3346,12.5,0.8887,9.5,15.0,136,0
Selic,2025-08-28,R7/2026,12.4477,12.5,0.8937,10.0,15.0,81,1
Selic,2025-08-28,R7/2026,12.5114,12.5,0.8729,9.5,15.0,132,0
Selic,2025-08-28,R6/2026,12.713,12.75,0.9113,10.0,15.0,81,1
Selic,2025-08-28,R6/2026,12.7595,12.75,0.8569,10.0,15.0,132,0
Selic,2025-08-28,R5/2026,13.0494,13.0,0.9098,10.0,15.0,81,1
Selic,2025-08-28,R5/2026,13.0833,13.0,0.8442000000000001,10.0,15.0,132,0
Selic,2025-08-28,R4/2026,13.4506,13.5,0.8538,10.5,15.0,81,1
Selic,2025-08-28,R4/2026,13.4886,13.5,0.7839,10.5,15.0,132,0
Selic,2025-08-28,R3/2026,13.8933,14.0,0.7231000000000001,11.5,15.0,82,1
Selic,2025-08-28,R3/2026,13.9248,14.0,0.6786,11.5,15.0,133,0
Selic,2025-08-28,R2/2026,14.3122,14.5,0.5646,12.5,15.0,82,1
Selic,2025-08-28,R2/2026,14.3316,14.5,0.532,12.5,15.0,133,0
Selic,2025-08-28,R1/2026,14.656600000000001,14.75,0.3952,13.5,15.0001,83,1
Selic,2025-08-28,R1/2026,14.6791,14.75,0.37360000000000004,13.5,15.0001,134,0
Selic,2025-08-28,R8/2025,14.8821,15.0,0.21730000000000002,14.0,15.1,84,1
Selic,2025-08-28,R8/2025,14.9,15.0,0.20550000000000002,14.0,15.1,139,0
Selic,2025-08-28,R7/2025,14.9893,15.0,0.0668,14.5,15.1,84,1
Selic,2025-08-28,R7/2025,14.986,15.0,0.0734,14.5,15.1,136,0
Selic,2025-08-28,R6/2025,15.0,15.0,0.0,15.0,15.0,84,1
Selic,2025-08-28,R6/2025,15.0,15.0,0.0,15.0,15.0,136,0
Selic,2025-08-27,R5/2027,10.9743,11.0,1.0839,9.0,15.0,68,1
Selic,2025-08-27,R5/2027,11.0182,11.0,1.1035,9.0,15.0,96,0
Selic,2025-08-27,R4/2027,11.25,11.0,1.0097,9.0,15.0,77,1
Selic,2025-08-27,R4/2027,11.2672,11.25,1.0164,9.0,15.0,116,0
Selic,2025-08-27,R3/2027,11.4842,11.5,0.9550000000000001,10.0,15.0,79,1
Selic,2025-08-27,R3/2027,11.5042,11.5,0.9734,9.5,15.0,119,0
Selic,2025-08-27,R2/2027,11.7057,11.75,0.9147000000000001,10.0,15.0,79,1
Selic,2025-08-27,R2/2027,11.7437,12.0,0.9334,9.5,15.0,119,0
Selic,2025-08-27,R1/2027,11.9778,12.0,0.868,10.0,15.0,79,1
Selic,2025-08-27,R1/2027,12.0294,12.0,0.8918,9.5,15.0,119,0
Selic,2025-08-27,R8/2026,12.2849,12.375,0.9087000000000001,10.0,15.0,86,1
Selic,2025-08-27,R8/2026,12.3321,12.5,0.8859,9.5,15.0,137,0
Selic,2025-08-27,R7/2026,12.4614,12.5,0.8959,10.0,15.0,84,1
Selic,2025-08-27,R7/2026,12.5095,12.5,0.8699,9.5,15.0,133,0
Selic,2025-08-27,R6/2026,12.7232,12.75,0.9161,10.0,15.0,84,1
Selic,2025-08-27,R6/2026,12.7594,12.75,0.8537,10.0,15.0,133,0
Selic,2025-08-27,R5/2026,13.0655,13.0,0.913,10.0,15.0,84,1
Selic,2025-08-27,R5/2026,13.0846,13.0,0.8412000000000001,10.0,15.0,133,0
Selic,2025-08-27,R4/2026,13.4643,13.5,0.8575,10.5,15.0,84,1
Selic,2025-08-27,R4/2026,13.4906,13.5,0.7812,10.5,15.0,133,0
Selic,2025-08-27,R3/2026,13.9029,14.0,0.7287,11.5,15.0,85,1
Selic,2025-08-27,R3/2026,13.9272,14.0,0.6767000000000001,11.5,15.0,134,0
Selic,2025-08-27,R2/2026,14.3129,14.5,0.5681,12.5,15.0,85,1
Selic,2025-08-27,R2/2026,14.3347,14.5,0.5312,12.5,15.0,134,0
Selic,2025-08-27,R1/2026,14.657,14.75,0.40540000000000004,13.5,15.0001,86,1
Selic,2025-08-27,R1/2026,14.6815,14.75,0.37320000000000003,13.5,15.0001,135,0
Selic,2025-08-27,R8/2025,14.8776,15.0,0.231,14.0,15.1,87,1
Selic,2025-08-27,R8/2025,14.9007,15.0,0.2049,14.0,15.1,140,0
Selic,2025-08-27,R7/2025,14.9839,15.0,0.0839,14.5,15.1,87,1
Selic,2025-08-27,R7/2025,14.9861,15.0,0.0732,14.5,15.1,137,0
Selic,2025-08-27,R6/2025,15.0,15.0,0.0,15.0,15.0,87,1
Selic,2025-08-27,R6/2025,15.0,15.0,0.0,15.0,15.0,137,0
Selic,2025-08-26,R5/2027,10.9739,11.0,1.092,9.0,15.0,67,1
Selic,2025-08-26,R5/2027,11.0182,11.0,1.1035,9.0,15.0,96,0
Selic,2025-08-26,R4/2027,11.263,11.0,1.0128,9.0,15.0,77,1
Selic,2025-08-26,R4/2027,11.2672,11.25,1.0164,9.0,15.0,116,0
Selic,2025-08-26,R3/2027,11.5032,11.5,0.96,10.0,15.0,79,1
Selic,2025-08-26,R3/2027,11.5042,11.5,0.9734,9.5,15.0,119,0
Selic,2025-08-26,R2/2027,11.7247,12.0,0.9257000000000001,10.0,15.0,79,1
Selic,2025-08-26,R2/2027,11.7437,12.0,0.9334,9.5,15.0,119,0
Selic,2025-08-26,R1/2027,11.9905,12.0,0.8755000000000001,10.0,15.0,79,1
Selic,2025-08-26,R1/2027,12.0294,12.0,0.8918,9.5,15.0,119,0
Selic,2025-08-26,R8/2026,12.2907,12.375,0.9117000000000001,10.0,15.0,86,1
Selic,2025-08-26,R8/2026,12.3321,12.5,0.8859,9.5,15.0,137,0
Selic,2025-08-26,R7/2026,12.4674,12.5,0.8978,10.0,15.0,84,1
Selic,2025-08-26,R7/2026,12.5095,12.5,0.8699,9.5,15.0,133,0
Selic,2025-08-26,R6/2026,12.7232,12.75,0.9161,10.0,15.0,84,1
Selic,2025-08-26,R6/2026,12.7594,12.75,0.8537,10.0,15.0,133,0
Selic,2025-08-26,R5/2026,13.0595,13.0,0.9117000000000001,10.0,15.0,84,1
Selic,2025-08-26,R5/2026,13.0846,13.0,0.8412000000000001,10.0,15.0,133,0
Selic,2025-08-26,R4/2026,13.4613,13.5,0.857,10.5,15.0,84,1
Selic,2025-08-26,R4/2026,13.4906,13.5,0.7812,10.5,15.0,133,0
Selic,2025-08-26,R3/2026,13.9029,14.0,0.7287,11.5,15.0,85,1
Selic,2025-08-26,R3/2026,13.9272,14.0,0.6767000000000001,11.5,15.0,134,0
Selic,2025-08-26,R2/2026,14.3159,14.5,0.5684,12.5,15.0,85,1
Selic,2025-08-26,R2/2026,14.3347,14.5,0.5312,12.5,15.0,134,0
Selic,2025-08-26,R1/2026,14.6628,14.75,0.4066,13.5,15.0001,86,1
Selic,2025-08-26,R1/2026,14.6815,14.75,0.37320000000000003,13.5,15.0001,135,0
Selic,2025-08-26,R8/2025,14.8818,15.0,0.22690000000000002,14.0,15.1,88,1
Selic,2025-08-26,R8/2025,14.9025,15.0,0.2025,14.0,15.1,140,0
Selic,2025-08-26,R7/2025,14.9869,15.0,0.0796,14.5,15.1,88,1
Selic,2025-08-26,R7/2025,14.988,15.0,0.0703,14.5,15.1,137,0
Selic,2025-08-26,R6/2025,15.0,15.0,0.0,15.0,15.0,88,1
Selic,2025-08-26,R6/2025,15.0,15.0,0.0,15.0,15.0,137,0
Selic,2025-08-25,R5/2027,10.9808,11.0,1.0966,9.0,15.0,65,1
Selic,2025-08-25,R5/2027,11.0237,11.0,1.108,9.0,15.0,95,0
Selic,2025-08-25,R4/2027,11.2533,11.125,1.0094,9.0,15.0,76,1
Selic,2025-08-25,R4/2027,11.2696,11.25,1.0205,9.0,15.0,115,0
Selic,2025-08-25,R3/2027,11.4684,11.5,0.9649000000000001,9.5,15.0,79,1
Selic,2025-08-25,R3/2027,11.5042,11.5,0.9775,9.5,15.0,118,0
Selic,2025-08-25,R2/2027,11.6994,12.0,0.9408000000000001,9.5,15.0,79,1
Selic,2025-08-25,R2/2027,11.7458,12.0,0.9371,9.5,15.0,118,0
Selic,2025-08-25,R1/2027,11.962,12.0,0.9072,9.5,15.0,79,1
Selic,2025-08-25,R1/2027,12.0339,12.0,0.8943000000000001,9.5,15.0,118,0
Selic,2025-08-25,R8/2026,12.2616,12.375,0.9561000000000001,9.5,15.0,86,1
Selic,2025-08-25,R8/2026,12.3382,12.5,0.8862,9.5,15.0,136,0
Selic,2025-08-25,R7/2026,12.4346,12.5,0.9558000000000001,9.5,15.0,84,1
Selic,2025-08-25,R7/2026,12.5171,12.5,0.8688,9.5,15.0,132,0
Selic,2025-08-25,R6/2026,12.6935,12.75,0.9624,10.0,15.0,84,1
Selic,2025-08-25,R6/2026,12.7652,12.75,0.8543000000000001,10.0,15.0,132,0
Selic,2025-08-25,R5/2026,13.0387,13.0,0.9492,10.0,15.0,84,1
Selic,2025-08-25,R5/2026,13.089,13.0,0.8428,10.0,15.0,132,0
Selic,2025-08-25,R4/2026,13.4464,13.5,0.8831,10.5,15.0,84,1
Selic,2025-08-25,R4/2026,13.4943,13.5,0.783,10.5,15.0,132,0
Selic,2025-08-25,R3/2026,13.8941,14.0,0.7489,11.5,15.0,85,1
Selic,2025-08-25,R3/2026,13.9305,14.0,0.6782,11.5,15.0,133,0
Selic,2025-08-25,R2/2026,14.31,14.5,0.5742,12.5,15.0,85,1
Selic,2025-08-25,R2/2026,14.3372,14.5,0.5324,12.5,15.0,133,0
Selic,2025-08-25,R1/2026,14.6657,14.75,0.4081,13.5,15.0001,86,1
Selic,2025-08-25,R1/2026,14.6828,14.75,0.3743,13.5,15.0001,134,0
Selic,2025-08-25,R8/2025,14.8818,15.0,0.22690000000000002,14.0,15.1,88,1
Selic,2025-08-25,R8/2025,14.9018,15.0,0.2031,14.0,15.1,139,0
Selic,2025-08-25,R7/2025,14.9869,15.0,0.0796,14.5,15.1,88,1
Selic,2025-08-25,R7/2025,14.9879,15.0,0.07060000000000001,14.5,15.1,136,0
Selic,2025-08-25,R6/2025,15.0,15.0,0.0,15.0,15.0,88,1
Selic,2025-08-25,R6/2025,15.0,15.0,0.0,15.0,15.0,136,0
Selic,2025-08-22,R5/2027,10.942,11.0,1.0718,9.0,15.0,69,1
Selic,2025-08-22,R5/2027,11.008,11.0,1.1033,9.0,15.0,94,0
Selic,2025-08-22,R4/2027,11.1975,11.0,1.0044,9.0,15.0,81,1
Selic,2025-08-22,R4/2027,11.2565,11.25,1.0143,9.0,15.0,115,0
Selic,2025-08-22,R3/2027,11.4256,11.5,0.9604,9.5,15.0,84,1
Selic,2025-08-22,R3/2027,11.4936,11.5,0.9734,9.5,15.0,118,0
Selic,2025-08-22,R2/2027,11.6726,11.875,0.9362,9.5,15.0,84,1
Selic,2025-08-22,R2/2027,11.7373,12.0,0.9348000000000001,9.5,15.0,118,0
Selic,2025-08-22,R1/2027,11.9494,12.0,0.9061,9.5,15.0,84,1
Selic,2025-08-22,R1/2027,12.0275,12.0,0.8936000000000001,9.5,15.0,118,0
Selic,2025-08-22,R8/2026,12.2472,12.375,0.9298000000000001,9.5,15.0,90,1
Selic,2025-08-22,R8/2026,12.3412,12.5,0.8852000000000001,9.5,15.0,137,0
Selic,2025-08-22,R7/2026,12.4263,12.5,0.924,9.5,15.0,88,1
Selic,2025-08-22,R7/2026,12.5208,12.5,0.867,9.5,15.0,133,0
Selic,2025-08-22,R6/2026,12.693200000000001,12.75,0.9291,10.0,15.0,88,1
Selic,2025-08-22,R6/2026,12.7707,12.75,0.8524,10.0,15.0,133,0
Selic,2025-08-22,R5/2026,13.0398,13.0,0.9208000000000001,10.0,15.0,88,1
Selic,2025-08-22,R5/2026,13.094,13.0,0.8405,10.0,15.0,133,0
Selic,2025-08-22,R4/2026,13.4489,13.5,0.8604,10.5,15.0,88,1
Selic,2025-08-22,R4/2026,13.4981,13.5,0.7813,10.5,15.0,133,0
Selic,2025-08-22,R3/2026,13.8961,14.0,0.7371000000000001,11.5,15.0,89,1
Selic,2025-08-22,R3/2026,13.9328,14.0,0.6769000000000001,11.5,15.0,134,0
Selic,2025-08-22,R2/2026,14.3073,14.5,0.5700000000000001,12.5,15.0,89,1
Selic,2025-08-22,R2/2026,14.3403,14.5,0.5325,12.5,15.0,134,0
Selic,2025-08-22,R1/2026,14.6556,14.75,0.41090000000000004,13.5,15.0001,90,1
Selic,2025-08-22,R1/2026,14.6833,14.75,0.37420000000000003,13.5,15.0001,135,0
Selic,2025-08-22,R8/2025,14.8788,15.0,0.2295,14.0,15.1,92,1
Selic,2025-08-22,R8/2025,14.9043,15.0,0.2023,14.0,15.1,140,0
Selic,2025-08-22,R7/2025,14.9848,15.0,0.08170000000000001,14.5,15.1,92,1
Selic,2025-08-22,R7/2025,14.988,15.0,0.0703,14.5,15.1,137,0
Selic,2025-08-22,R6/2025,15.0,15.0,0.0,15.0,15.0,92,1
Selic,2025-08-22,R6/2025,15.0,15.0,0.0,15.0,15.0,137,0
Selic,2025-08-21,R5/2027,10.9191,10.875,0.9995,9.0,12.5,34,1
Selic,2025-08-21,R5/2027,11.0181,11.0,1.0209,9.0,15.0,69,0
Selic,2025-08-21,R4/2027,11.1026,11.0,0.9349000000000001,9.0,12.5,39,1
Selic,2025-08-21,R4/2027,11.3389,11.5,1.0107,9.0,15.0,104,0
Selic,2025-08-21,R3/2027,11.4024,11.5,0.8711000000000001,9.5,12.75,41,1
Selic,2025-08-21,R3/2027,11.5625,11.5,0.9784,9.5,15.0,108,0
Selic,2025-08-21,R2/2027,11.7134,12.0,0.8705,9.5,13.0,41,1
Selic,2025-08-21,R2/2027,11.8079,12.0,0.9662000000000001,9.5,15.0,108,0
Selic,2025-08-21,R1/2027,12.0305,12.0,0.8175,9.5,13.5,41,1
Selic,2025-08-21,R1/2027,12.088,12.0,0.9467000000000001,9.5,15.0,108,0
Selic,2025-08-21,R8/2026,12.3191,12.5,0.8778,9.5,14.0,47,1
Selic,2025-08-21,R8/2026,12.4103,12.5,0.9385,9.5,15.0,128,0
Selic,2025-08-21,R7/2026,12.4891,12.5,0.9148000000000001,9.5,14.5,46,1
Selic,2025-08-21,R7/2026,12.5807,12.5,0.9302,9.5,15.0,124,0
Selic,2025-08-21,R6/2026,12.75,12.75,0.9149,10.25,15.0,46,1
Selic,2025-08-21,R6/2026,12.8306,12.75,0.915,10.0,15.0,124,0
Selic,2025-08-21,R5/2026,13.0924,13.0,0.9154,10.5,15.0,46,1
Selic,2025-08-21,R5/2026,13.1552,13.0,0.8944000000000001,10.0,15.0,124,0
Selic,2025-08-21,R4/2026,13.5109,13.5,0.8421000000000001,11.0,15.0,46,1
Selic,2025-08-21,R4/2026,13.5484,13.5,0.8277,10.5,15.0,124,0
Selic,2025-08-21,R3/2026,13.9239,14.0,0.7069000000000001,12.0,15.0,46,1
Selic,2025-08-21,R3/2026,13.9657,14.0,0.7102,11.5,15.0,124,0
Selic,2025-08-21,R2/2026,14.3152,14.375,0.5378000000000001,13.0,15.0,46,1
Selic,2025-08-21,R2/2026,14.3629,14.5,0.5548000000000001,12.5,15.0,124,0
Selic,2025-08-21,R1/2026,14.6596,14.75,0.40090000000000003,13.5,15.0,47,1
Selic,2025-08-21,R1/2026,14.688,14.75,0.379,13.5,15.0,125,0
Selic,2025-08-21,R8/2025,14.875,15.0,0.25,14.0,15.0,48,1
Selic,2025-08-21,R8/2025,14.9065,15.0,0.201,14.0,15.0,131,0
Selic,2025-08-21,R7/2025,14.9688,15.0,0.1097,14.5,15.0,48,1
Selic,2025-08-21,R7/2025,14.9863,15.0,0.07200000000000001,14.5,15.0,128,0
Selic,2025-08-21,R6/2025,15.0,15.0,0.0,15.0,15.0,48,1
Selic,2025-08-21,R6/2025,15.0,15.0,0.0,15.0,15.0,128,0
Selic,2025-08-20,R5/2027,10.9032,10.75,0.904,9.25,12.5,31,1
Selic,2025-08-20,R5/2027,11.0257,11.0,0.9825,9.25,15.0,68,0
Selic,2025-08-20,R4/2027,11.1447,11.0,0.8422000000000001,9.75,12.5,38,1
Selic,2025-08-20,R4/2027,11.3317,11.375,0.9942000000000001,9.5,15.0,104,0
Selic,2025-08-20,R3/2027,11.4188,11.5,0.8280000000000001,9.5,12.5,40,1
Selic,2025-08-20,R3/2027,11.5509,11.5,0.9782000000000001,9.5,15.0,108,0
Selic,2025-08-20,R2/2027,11.731300000000001,12.0,0.8223,9.5,13.0,40,1
Selic,2025-08-20,R2/2027,11.8079,12.0,0.9566,9.5,15.0,108,0
Selic,2025-08-20,R1/2027,12.0125,12.0,0.8081,9.5,13.5,40,1
Selic,2025-08-20,R1/2027,12.0833,12.0,0.9459000000000001,9.5,15.0,108,0
Selic,2025-08-20,R8/2026,12.2935,12.5,0.8634000000000001,9.5,14.0,46,1
Selic,2025-08-20,R8/2026,12.4162,12.5,0.932,9.5,15.0,128,0
Selic,2025-08-20,R7/2026,12.4556,12.5,0.8949,9.5,14.5,45,1
Selic,2025-08-20,R7/2026,12.5908,12.5,0.9225000000000001,9.5,15.0,124,0
Selic,2025-08-20,R6/2026,12.7167,12.75,0.8923000000000001,10.25,15.0,45,1
Selic,2025-08-20,R6/2026,12.8488,13.0,0.9074000000000001,10.0,15.0,124,0
Selic,2025-08-20,R5/2026,13.0444,13.0,0.8918,10.5,15.0,45,1
Selic,2025-08-20,R5/2026,13.1754,13.0,0.8884000000000001,10.0,15.0,124,0
Selic,2025-08-20,R4/2026,13.4667,13.5,0.8158000000000001,11.0,15.0,45,1
Selic,2025-08-20,R4/2026,13.5706,13.5,0.8209000000000001,10.5,15.0,124,0
Selic,2025-08-20,R3/2026,13.8889,14.0,0.6761,12.0,15.0,45,1
Selic,2025-08-20,R3/2026,13.9899,14.0,0.7053,11.5,15.0,124,0
Selic,2025-08-20,R2/2026,14.3111,14.25,0.5195000000000001,13.0,15.0,45,1
Selic,2025-08-20,R2/2026,14.3831,14.5,0.5448000000000001,12.5,15.0,124,0
Selic,2025-08-20,R1/2026,14.663,14.75,0.37670000000000003,13.75,15.0,46,1
Selic,2025-08-20,R1/2026,14.704,14.75,0.3652,13.5,15.0,125,0
Selic,2025-08-20,R8/2025,14.888300000000001,15.0,0.2237,14.0,15.0,47,1
Selic,2025-08-20,R8/2025,14.916,15.0,0.18430000000000002,14.0,15.0,131,0
Selic,2025-08-20,R7/2025,14.9787,15.0,0.0868,14.5,15.0,47,1
Selic,2025-08-20,R7/2025,14.9902,15.0,0.057600000000000005,14.5,15.0,128,0
Selic,2025-08-20,R6/2025,15.0,15.0,0.0,15.0,15.0,47,1
Selic,2025-08-20,R6/2025,15.0,15.0,0.0,15.0,15.0,128,0
Selic,2025-08-19,R5/2027,10.8906,10.75,0.8837,9.25,12.5,32,1
Selic,2025-08-19,R5/2027,11.0485,11.0,0.9718,9.25,15.0,67,0
Selic,2025-08-19,R4/2027,11.1125,11.0,0.8403,9.75,12.5,40,1
Selic,2025-08-19,R4/2027,11.3293,11.375,0.9984000000000001,9.5,15.0,104,0
Selic,2025-08-19,R3/2027,11.392900000000001,11.5,0.8348,9.5,12.5,42,1
Selic,2025-08-19,R3/2027,11.5486,11.5,0.9816,9.5,15.0,108,0
Selic,2025-08-19,R2/2027,11.6905,12.0,0.8252,9.5,13.0,42,1
Selic,2025-08-19,R2/2027,11.8056,12.0,0.9594,9.5,15.0,108,0
Selic,2025-08-19,R1/2027,11.9702,12.0,0.842,9.5,13.5,42,1
Selic,2025-08-19,R1/2027,12.081,12.0,0.9482,9.5,15.0,108,0
Selic,2025-08-19,R8/2026,12.2656,12.375,0.8726,9.5,14.0,48,1
Selic,2025-08-19,R8/2026,12.4181,12.5,0.9298000000000001,9.5,15.0,128,0
Selic,2025-08-19,R7/2026,12.4628,12.5,0.8962,9.5,14.5,47,1
Selic,2025-08-19,R7/2026,12.5928,12.5,0.9198000000000001,9.5,15.0,124,0
Selic,2025-08-19,R6/2026,12.7447,12.75,0.8835000000000001,10.25,15.0,47,1
Selic,2025-08-19,R6/2026,12.8488,13.0,0.9074000000000001,10.0,15.0,124,0
Selic,2025-08-19,R5/2026,13.1011,13.0,0.8837,10.5,15.0,47,1
Selic,2025-08-19,R5/2026,13.1714,13.0,0.8949,10.0,15.0,124,0
Selic,2025-08-19,R4/2026,13.516,13.5,0.8062,11.0,15.0,47,1
Selic,2025-08-19,R4/2026,13.5665,13.5,0.8274,10.5,15.0,124,0
Selic,2025-08-19,R3/2026,13.9415,14.0,0.6768000000000001,12.0,15.0,47,1
Selic,2025-08-19,R3/2026,13.9859,14.0,0.7123,11.5,15.0,124,0
Selic,2025-08-19,R2/2026,14.3511,14.5,0.52,13.0,15.0,47,1
Selic,2025-08-19,R2/2026,14.379,14.5,0.5531,12.5,15.0,124,0
Selic,2025-08-19,R1/2026,14.6875,14.75,0.3698,13.75,15.0,48,1
Selic,2025-08-19,R1/2026,14.7,14.75,0.3755,13.5,15.0,125,0
Selic,2025-08-19,R8/2025,14.9063,15.0,0.2142,14.0,15.0,48,1
Selic,2025-08-19,R8/2025,14.9141,15.0,0.19720000000000001,14.0,15.0,131,0
Selic,2025-08-19,R7/2025,14.9844,15.0,0.0792,14.5,15.0,48,1
Selic,2025-08-19,R7/2025,14.9863,15.0,0.07200000000000001,14.5,15.0,128,0
Selic,2025-08-19,R6/2025,15.0,15.0,0.0,15.0,15.0,48,1
Selic,2025-08-19,R6/2025,15.0,15.0,0.0,15.0,15.0,128,0
Selic,2025-08-18,R5/2027,10.9028,10.875,0.8626,9.25,12.5,36,1
Selic,2025-08-18,R5/2027,11.0455,11.0,0.9789,9.25,15.0,66,0
Selic,2025-08-18,R4/2027,11.15,11.0,0.8307,9.75,12.5,45,1
Selic,2025-08-18,R4/2027,11.3277,11.25,1.003,9.5,15.0,103,0
Selic,2025-08-18,R3/2027,11.4674,11.5,0.8119000000000001,10.0,13.0,46,1
Selic,2025-08-18,R3/2027,11.5467,11.5,0.986,9.5,15.0,107,0
Selic,2025-08-18,R2/2027,11.75,12.0,0.7974,10.0,13.0,46,1
Selic,2025-08-18,R2/2027,11.8014,12.0,0.9629000000000001,9.5,15.0,107,0
Selic,2025-08-18,R1/2027,12.038,12.0,0.7836000000000001,10.0,13.5,46,1
Selic,2025-08-18,R1/2027,12.0748,12.0,0.9504,9.5,15.0,107,0
Selic,2025-08-18,R8/2026,12.3269,12.5,0.7807000000000001,10.5,14.0,52,1
Selic,2025-08-18,R8/2026,12.4135,12.5,0.932,9.5,15.0,127,0
Selic,2025-08-18,R7/2026,12.5049,12.5,0.7773,10.5,14.5,51,1
Selic,2025-08-18,R7/2026,12.5875,12.5,0.9216000000000001,9.5,15.0,123,0
Selic,2025-08-18,R6/2026,12.7598,12.75,0.7733,10.5,15.0,51,1
Selic,2025-08-18,R6/2026,12.8435,13.0,0.9092,10.0,15.0,123,0
Selic,2025-08-18,R5/2026,13.0784,13.0,0.7804,10.5,15.0,51,1
Selic,2025-08-18,R5/2026,13.1646,13.0,0.8954000000000001,10.0,15.0,123,0
Selic,2025-08-18,R4/2026,13.4755,13.5,0.7179,11.0,15.0,51,1
Selic,2025-08-18,R4/2026,13.5589,13.5,0.8264,10.5,15.0,123,0
Selic,2025-08-18,R3/2026,13.8971,14.0,0.6246,12.0,15.0,51,1
Selic,2025-08-18,R3/2026,13.9776,14.0,0.7093,11.5,15.0,123,0
Selic,2025-08-18,R2/2026,14.3137,14.25,0.5093,13.0,15.0,51,1
Selic,2025-08-18,R2/2026,14.374,14.5,0.5525,12.5,15.0,123,0
Selic,2025-08-18,R1/2026,14.6569,14.75,0.3637,13.75,15.0,51,1
Selic,2025-08-18,R1/2026,14.6976,14.75,0.376,13.5,15.0,124,0
Selic,2025-08-18,R8/2025,14.899000000000001,15.0,0.2152,14.0,15.0,52,1
Selic,2025-08-18,R8/2025,14.9135,15.0,0.19790000000000002,14.0,15.0,130,0
Selic,2025-08-18,R7/2025,14.9755,15.0,0.0893,14.5,15.0,51,1
Selic,2025-08-18,R7/2025,14.9862,15.0,0.0723,14.5,15.0,127,0
Selic,2025-08-18,R6/2025,15.0,15.0,0.0,15.0,15.0,51,1
Selic,2025-08-18,R6/2025,15.0,15.0,0.0,15.0,15.0,127,0
Selic,2025-08-15,R5/2027,10.9113,11.0,0.9037000000000001,9.25,12.5,31,1
Selic,2025-08-15,R5/2027,11.0484,11.0,0.9938,9.25,15.0,62,0
Selic,2025-08-15,R4/2027,11.1938,11.125,0.8225,9.75,12.5,40,1
Selic,2025-08-15,R4/2027,11.3018,11.25,1.0129,9.0,15.0,111,0
Selic,2025-08-15,R3/2027,11.4817,11.5,0.8253,10.0,13.0,41,1
Selic,2025-08-15,R3/2027,11.537,11.5,0.993,9.5,15.0,115,0
Selic,2025-08-15,R2/2027,11.7378,11.75,0.8300000000000001,10.0,13.0,41,1
Selic,2025-08-15,R2/2027,11.8022,12.0,0.9666,9.5,15.0,115,0
Selic,2025-08-15,R1/2027,12.0061,12.0,0.8273,10.0,13.5,41,1
Selic,2025-08-15,R1/2027,12.0848,12.0,0.9394,9.5,15.0,115,0
Selic,2025-08-15,R8/2026,12.2398,12.5,0.791,10.02,14.0,47,1
Selic,2025-08-15,R8/2026,12.4205,12.5,0.9138000000000001,9.5,15.0,135,0
Selic,2025-08-15,R7/2026,12.3967,12.5,0.8169000000000001,10.0,14.5,46,1
Selic,2025-08-15,R7/2026,12.5879,12.5,0.9047000000000001,9.5,15.0,131,0
Selic,2025-08-15,R6/2026,12.6359,12.75,0.8465,10.0,15.0,46,1
Selic,2025-08-15,R6/2026,12.8378,13.0,0.8974000000000001,10.0,15.0,131,0
Selic,2025-08-15,R5/2026,12.9457,13.0,0.869,10.0,15.0,46,1
Selic,2025-08-15,R5/2026,13.1775,13.0,0.8794000000000001,10.0,15.0,131,0
Selic,2025-08-15,R4/2026,13.3587,13.5,0.8220000000000001,10.5,15.0,46,1
Selic,2025-08-15,R4/2026,13.5782,13.5,0.8126,10.5,15.0,131,0
Selic,2025-08-15,R3/2026,13.788,13.875,0.6974,11.5,15.0,46,1
Selic,2025-08-15,R3/2026,13.9981,14.0,0.6986,11.5,15.0,131,0
Selic,2025-08-15,R2/2026,14.2337,14.25,0.5672,12.5,15.0,46,1
Selic,2025-08-15,R2/2026,14.3912,14.5,0.5413,12.5,15.0,131,0
Selic,2025-08-15,R1/2026,14.6141,14.75,0.3925,13.5,15.0,46,1
Selic,2025-08-15,R1/2026,14.7159,15.0,0.369,13.5,15.0,132,0
Selic,2025-08-15,R8/2025,14.888300000000001,15.0,0.21760000000000002,14.0,15.0,47,1
Selic,2025-08-15,R8/2025,14.9221,15.0,0.1899,14.0,15.0,138,0
Selic,2025-08-15,R7/2025,14.9783,15.0,0.0876,14.5,15.0,46,1
Selic,2025-08-15,R7/2025,14.9889,15.0,0.0671,14.5,15.0,135,0
Selic,2025-08-15,R6/2025,15.0,15.0,0.0,15.0,15.0,46,1
Selic,2025-08-15,R6/2025,15.0,15.0,0.0,15.0,15.0,135,0
Selic,2025-08-14,R5/2027,10.9551,11.0,0.9755,9.5,15.0,39,1
Selic,2025-08-14,R5/2027,10.9861,11.0,1.012,9.25,15.0,54,0
Selic,2025-08-14,R4/2027,11.3686,11.25,0.9876,10.0,15.0,59,1
Selic,2025-08-14,R4/2027,11.2886,11.25,1.0181,9.0,15.0,110,0
Selic,2025-08-14,R3/2027,11.627,11.5,0.9588000000000001,10.0,15.0,61,1
Selic,2025-08-14,R3/2027,11.5285,11.5,0.9977,9.5,15.0,114,0
Selic,2025-08-14,R2/2027,11.8525,12.0,0.9532,10.0,15.0,61,1
Selic,2025-08-14,R2/2027,11.7982,12.0,0.971,9.5,15.0,114,0
Selic,2025-08-14,R1/2027,12.127,12.0,0.9437000000000001,10.0,15.0,61,1
Selic,2025-08-14,R1/2027,12.0855,12.0,0.9435,9.5,15.0,114,0
Selic,2025-08-14,R8/2026,12.379,12.5,0.9042,10.02,15.0,68,1
Selic,2025-08-14,R8/2026,12.4287,12.5,0.9191,9.5,15.0,133,0
Selic,2025-08-14,R7/2026,12.5448,12.5,0.9162,10.0,15.0,67,1
Selic,2025-08-14,R7/2026,12.6067,12.5,0.9084000000000001,9.5,15.0,129,0
Selic,2025-08-14,R6/2026,12.7687,12.75,0.9337000000000001,10.0,15.0,67,1
Selic,2025-08-14,R6/2026,12.8585,13.0,0.9026000000000001,10.0,15.0,129,0
Selic,2025-08-14,R5/2026,13.0709,13.0,0.9362,10.0,15.0,67,1
Selic,2025-08-14,R5/2026,13.1996,13.0,0.884,10.0,15.0,129,0
Selic,2025-08-14,R4/2026,13.459,13.5,0.8699,10.5,15.0,67,1
Selic,2025-08-14,R4/2026,13.5988,13.5,0.8191,10.5,15.0,129,0
Selic,2025-08-14,R3/2026,13.8881,13.75,0.7346,11.5,15.0,67,1
Selic,2025-08-14,R3/2026,14.0194,14.0,0.7075,11.5,15.0,129,0
Selic,2025-08-14,R2/2026,14.3134,14.25,0.5637,12.5,15.0,67,1
Selic,2025-08-14,R2/2026,14.407,14.5,0.5464,12.5,15.0,129,0
Selic,2025-08-14,R1/2026,14.6679,14.75,0.37,13.5,15.0,67,1
Selic,2025-08-14,R1/2026,14.7231,15.0,0.3672,13.5,15.0,130,0
Selic,2025-08-14,R8/2025,14.9214,15.0,0.1666,14.5,15.0,70,1
Selic,2025-08-14,R8/2025,14.9246,15.0,0.1877,14.0,15.0,136,0
Selic,2025-08-14,R7/2025,14.9926,15.0,0.0422,14.75,15.0,68,1
Selic,2025-08-14,R7/2025,14.9887,15.0,0.06760000000000001,14.5,15.0,133,0
Selic,2025-08-14,R6/2025,15.0,15.0,0.0,15.0,15.0,68,1
Selic,2025-08-14,R6/2025,15.0,15.0,0.0,15.0,15.0,133,0
Selic,2025-08-13,R5/2027,10.9103,10.75,1.0024,9.5,15.0,39,1
Selic,2025-08-13,R5/2027,10.9952,11.0,1.029,9.25,15.0,52,0
Selic,2025-08-13,R4/2027,11.2974,11.125,1.025,9.75,15.0,58,1
Selic,2025-08-13,R4/2027,11.2955,11.25,1.0204,9.0,15.0,110,0
Selic,2025-08-13,R3/2027,11.5625,11.5,0.9986,10.0,15.0,60,1
Selic,2025-08-13,R3/2027,11.5351,11.5,0.9999,9.5,15.0,114,0
Selic,2025-08-13,R2/2027,11.7958,12.0,0.989,10.0,15.0,60,1
Selic,2025-08-13,R2/2027,11.8026,12.0,0.973,9.5,15.0,114,0
Selic,2025-08-13,R1/2027,12.0833,12.0,0.9765,10.0,15.0,60,1
Selic,2025-08-13,R1/2027,12.0921,12.0,0.9455,9.5,15.0,114,0
Selic,2025-08-13,R8/2026,12.3532,12.5,0.921,10.02,15.0,68,1
Selic,2025-08-13,R8/2026,12.4325,12.5,0.9204,9.5,15.0,133,0
Selic,2025-08-13,R7/2026,12.5379,12.5,0.9296000000000001,10.0,15.0,66,1
Selic,2025-08-13,R7/2026,12.6125,12.5,0.9101,9.5,15.0,129,0
Selic,2025-08-13,R6/2026,12.7727,12.75,0.9422,10.0,15.0,66,1
Selic,2025-08-13,R6/2026,12.862400000000001,13.0,0.9043,10.0,15.0,129,0
Selic,2025-08-13,R5/2026,13.0833,13.0,0.9498000000000001,10.0,15.0,66,1
Selic,2025-08-13,R5/2026,13.2035,13.0,0.8853000000000001,10.0,15.0,129,0
Selic,2025-08-13,R4/2026,13.4735,13.375,0.8856,10.5,15.0,66,1
Selic,2025-08-13,R4/2026,13.6027,13.5,0.8198000000000001,10.5,15.0,129,0
Selic,2025-08-13,R3/2026,13.9015,13.75,0.7524000000000001,11.5,15.0,66,1
Selic,2025-08-13,R3/2026,14.0213,14.0,0.7078,11.5,15.0,129,0
Selic,2025-08-13,R2/2026,14.3106,14.25,0.5675,12.5,15.0,66,1
Selic,2025-08-13,R2/2026,14.407,14.5,0.5464,12.5,15.0,129,0
Selic,2025-08-13,R1/2026,14.6629,14.75,0.3705,13.5,15.0,66,1
Selic,2025-08-13,R1/2026,14.7212,15.0,0.3664,13.5,15.0,130,0
Selic,2025-08-13,R8/2025,14.9179,15.0,0.1676,14.5,15.0,70,1
Selic,2025-08-13,R8/2025,14.9246,15.0,0.1877,14.0,15.0,136,0
Selic,2025-08-13,R7/2025,14.9925,15.0,0.0425,14.75,15.0,67,1
Selic,2025-08-13,R7/2025,14.9887,15.0,0.06760000000000001,14.5,15.0,133,0
Selic,2025-08-13,R6/2025,15.0,15.0,0.0,15.0,15.0,67,1
Selic,2025-08-13,R6/2025,15.0,15.0,0.0,15.0,15.0,133,0
Selic,2025-08-12,R5/2027,10.9872,11.0,1.0438,9.5,15.0,39,1
Selic,2025-08-12,R5/2027,11.0147,11.0,1.0295,9.25,15.0,51,0
Selic,2025-08-12,R4/2027,11.3616,11.25,1.0329,9.75,15.0,56,1
Selic,2025-08-12,R4/2027,11.2909,11.25,1.0272000000000001,9.0,15.0,110,0
Selic,2025-08-12,R3/2027,11.6164,11.5,0.9937,10.0,15.0,58,1
Selic,2025-08-12,R3/2027,11.5307,11.5,1.0077,9.5,15.0,114,0
Selic,2025-08-12,R2/2027,11.8491,12.0,0.9792000000000001,10.0,15.0,58,1
Selic,2025-08-12,R2/2027,11.7982,12.0,0.9822000000000001,9.5,15.0,114,0
Selic,2025-08-12,R1/2027,12.1293,12.0,0.9505,10.0,15.0,58,1
Selic,2025-08-12,R1/2027,12.0921,12.0,0.9455,9.5,15.0,114,0
Selic,2025-08-12,R8/2026,12.3921,12.5,0.8993,10.02,15.0,67,1
Selic,2025-08-12,R8/2026,12.4325,12.5,0.9204,9.5,15.0,133,0
Selic,2025-08-12,R7/2026,12.5547,12.5,0.918,10.0,15.0,64,1
Selic,2025-08-12,R7/2026,12.6125,12.5,0.9101,9.5,15.0,129,0
Selic,2025-08-12,R6/2026,12.7813,12.75,0.9391,10.0,15.0,64,1
Selic,2025-08-12,R6/2026,12.862400000000001,13.0,0.9043,10.0,15.0,129,0
Selic,2025-08-12,R5/2026,13.082,13.0,0.9469000000000001,10.0,15.0,64,1
Selic,2025-08-12,R5/2026,13.2035,13.0,0.8853000000000001,10.0,15.0,129,0
Selic,2025-08-12,R4/2026,13.4766,13.375,0.8869,10.5,15.0,64,1
Selic,2025-08-12,R4/2026,13.6027,13.5,0.8198000000000001,10.5,15.0,129,0
Selic,2025-08-12,R3/2026,13.9023,13.75,0.7495,11.5,15.0,64,1
Selic,2025-08-12,R3/2026,14.0213,14.0,0.7078,11.5,15.0,129,0
Selic,2025-08-12,R2/2026,14.3164,14.25,0.5629000000000001,12.5,15.0,64,1
Selic,2025-08-12,R2/2026,14.407,14.5,0.5464,12.5,15.0,129,0
Selic,2025-08-12,R1/2026,14.6731,14.75,0.36410000000000003,13.5,15.0,65,1
Selic,2025-08-12,R1/2026,14.7212,15.0,0.3664,13.5,15.0,130,0
Selic,2025-08-12,R8/2025,14.9239,15.0,0.161,14.5,15.0,69,1
Selic,2025-08-12,R8/2025,14.9246,15.0,0.1877,14.0,15.0,136,0
Selic,2025-08-12,R7/2025,14.9924,15.0,0.0429,14.75,15.0,66,1
Selic,2025-08-12,R7/2025,14.9887,15.0,0.06760000000000001,14.5,15.0,133,0
Selic,2025-08-12,R6/2025,15.0,15.0,0.0,15.0,15.0,66,1
Selic,2025-08-12,R6/2025,15.0,15.0,0.0,15.0,15.0,133,0
Selic,2025-08-11,R5/2027,10.9797,11.0,1.0864,9.5,15.0,37,1
Selic,2025-08-11,R5/2027,11.0213,11.0,1.0516,9.25,15.0,47,0
Selic,2025-08-11,R4/2027,11.3491,11.25,1.0532,9.75,15.0,53,1
Selic,2025-08-11,R4/2027,11.2913,11.25,1.0319,9.0,15.0,109,0
Selic,2025-08-11,R3/2027,11.5955,11.5,0.9937,10.0,15.0,55,1
Selic,2025-08-11,R3/2027,11.531,11.5,1.0122,9.5,15.0,113,0
Selic,2025-08-11,R2/2027,11.8273,12.0,0.9699000000000001,10.0,15.0,55,1
Selic,2025-08-11,R2/2027,11.7987,12.0,0.9866,9.5,15.0,113,0
Selic,2025-08-11,R1/2027,12.1136,12.0,0.9352,10.0,15.0,55,1
Selic,2025-08-11,R1/2027,12.0929,12.0,0.9496,9.5,15.0,113,0
Selic,2025-08-11,R8/2026,12.3852,12.5,0.8887,10.02,15.0,63,1
Selic,2025-08-11,R8/2026,12.4339,12.5,0.9237000000000001,9.5,15.0,132,0
Selic,2025-08-11,R7/2026,12.5615,12.5,0.8993,10.0,15.0,61,1
Selic,2025-08-11,R7/2026,12.6134,12.5,0.9136000000000001,9.5,15.0,128,0
Selic,2025-08-11,R6/2026,12.7951,12.75,0.9349000000000001,10.0,15.0,61,1
Selic,2025-08-11,R6/2026,12.8633,13.0,0.9078,10.0,15.0,128,0
Selic,2025-08-11,R5/2026,13.1025,13.0,0.9585,10.0,15.0,61,1
Selic,2025-08-11,R5/2026,13.2051,13.125,0.8885000000000001,10.0,15.0,128,0
Selic,2025-08-11,R4/2026,13.4959,13.5,0.9025000000000001,10.5,15.0,61,1
Selic,2025-08-11,R4/2026,13.6055,13.5,0.8224,10.5,15.0,128,0
Selic,2025-08-11,R3/2026,13.918,13.75,0.7652,11.5,15.0,61,1
Selic,2025-08-11,R3/2026,14.0234,14.0,0.7102,11.5,15.0,128,0
Selic,2025-08-11,R2/2026,14.3279,14.25,0.5753,12.5,15.0,61,1
Selic,2025-08-11,R2/2026,14.4082,14.5,0.5483,12.5,15.0,128,0
Selic,2025-08-11,R1/2026,14.6774,14.75,0.36860000000000004,13.5,15.0,62,1
Selic,2025-08-11,R1/2026,14.7209,15.0,0.3678,13.5,15.0,129,0
Selic,2025-08-11,R8/2025,14.9231,15.0,0.1636,14.5,15.0,65,1
Selic,2025-08-11,R8/2025,14.9241,15.0,0.1883,14.0,15.0,135,0
Selic,2025-08-11,R7/2025,14.996,15.0,0.031200000000000002,14.75,15.0,63,1
Selic,2025-08-11,R7/2025,14.9886,15.0,0.0679,14.5,15.0,132,0
Selic,2025-08-11,R6/2025,15.0,15.0,0.0,15.0,15.0,63,1
Selic,2025-08-11,R6/2025,15.0,15.0,0.0,15.0,15.0,132,0
Selic,2025-08-08,R5/2027,10.9444,10.75,1.112,9.5,15.0,36,1
Selic,2025-08-08,R5/2027,11.0167,11.0,1.0742,9.25,15.0,45,0
Selic,2025-08-08,R4/2027,11.3077,11.125,1.0893,9.75,15.0,52,1
Selic,2025-08-08,R4/2027,11.2936,11.25,1.0398,9.0,15.0,109,0
Selic,2025-08-08,R3/2027,11.5519,11.5,1.0272000000000001,10.0,15.0,53,1
Selic,2025-08-08,R3/2027,11.5354,11.5,1.0164,9.5,15.0,113,0
Selic,2025-08-08,R2/2027,11.787700000000001,12.0,1.0016,10.0,15.0,53,1
Selic,2025-08-08,R2/2027,11.8004,12.0,0.988,9.5,15.0,113,0
Selic,2025-08-08,R1/2027,12.0755,12.0,0.9683,10.0,15.0,53,1
Selic,2025-08-08,R1/2027,12.0929,12.0,0.9496,9.5,15.0,113,0
Selic,2025-08-08,R8/2026,12.3614,12.5,0.9042,10.02,15.0,63,1
Selic,2025-08-08,R8/2026,12.4367,12.5,0.9203,9.5,15.0,134,0
Selic,2025-08-08,R7/2026,12.5458,12.5,0.9157000000000001,10.0,15.0,60,1
Selic,2025-08-08,R7/2026,12.6174,12.5,0.9083,9.5,15.0,130,0
Selic,2025-08-08,R6/2026,12.7833,12.75,0.9459000000000001,10.0,15.0,60,1
Selic,2025-08-08,R6/2026,12.8654,13.0,0.9015000000000001,10.0,15.0,130,0
Selic,2025-08-08,R5/2026,13.1042,13.0,0.961,10.0,15.0,60,1
Selic,2025-08-08,R5/2026,13.2096,13.25,0.8813000000000001,10.0,15.0,130,0
Selic,2025-08-08,R4/2026,13.5042,13.5,0.9043,10.5,15.0,60,1
Selic,2025-08-08,R4/2026,13.6115,13.5,0.8152,10.5,15.0,130,0
Selic,2025-08-08,R3/2026,13.9333,13.875,0.7636000000000001,11.5,15.0,60,1
Selic,2025-08-08,R3/2026,14.0327,14.0,0.7033,11.5,15.0,130,0
Selic,2025-08-08,R2/2026,14.3458,14.5,0.5721,12.5,15.0,60,1
Selic,2025-08-08,R2/2026,14.4192,14.5,0.5453,12.5,15.0,130,0
Selic,2025-08-08,R1/2026,14.6967,14.75,0.3653,13.5,15.0,61,1
Selic,2025-08-08,R1/2026,14.7271,15.0,0.36610000000000004,13.5,15.0,131,0
Selic,2025-08-08,R8/2025,14.9385,15.0,0.1521,14.5,15.0,65,1
Selic,2025-08-08,R8/2025,14.9252,15.0,0.1895,14.0,15.0,137,0
Selic,2025-08-08,R7/2025,15.0,15.0,0.0,15.0,15.0,62,1
Selic,2025-08-08,R7/2025,14.9869,15.0,0.0704,14.5,15.0,134,0
Selic,2025-08-08,R6/2025,15.0,15.0,0.0,15.0,15.0,62,1
Selic,2025-08-08,R6/2025,15.0,15.0,0.0,15.0,15.0,134,0
Selic,2025-08-07,R5/2027,10.86,10.75,0.9646,9.25,13.0,25,1
Selic,2025-08-07,R5/2027,10.9167,11.0,0.9550000000000001,9.25,13.0,27,0
Selic,2025-08-07,R4/2027,11.0714,11.0,0.9015000000000001,9.75,13.0,35,1
Selic,2025-08-07,R4/2027,11.287,11.375,1.0468,9.0,15.0,108,0
Selic,2025-08-07,R3/2027,11.3947,11.5,0.8934000000000001,10.0,13.5,38,1
Selic,2025-08-07,R3/2027,11.5376,11.5,1.0418,9.5,15.0,113,0
Selic,2025-08-07,R2/2027,11.6776,11.875,0.8939,10.0,14.0,38,1
Selic,2025-08-07,R2/2027,11.7982,12.0,1.0219,9.5,15.0,113,0
Selic,2025-08-07,R1/2027,11.9539,12.0,0.8733000000000001,10.0,14.5,38,1
Selic,2025-08-07,R1/2027,12.0819,12.0,0.9897,9.5,15.0,113,0
Selic,2025-08-07,R8/2026,12.2826,12.5,0.8170000000000001,10.5,15.0,46,1
Selic,2025-08-07,R8/2026,12.4272,12.5,0.9541000000000001,9.5,15.0,134,0
Selic,2025-08-07,R7/2026,12.5,12.5,0.8087000000000001,10.5,15.0,43,1
Selic,2025-08-07,R7/2026,12.6039,12.5,0.9321,9.5,15.0,130,0
Selic,2025-08-07,R6/2026,12.7674,13.0,0.8077000000000001,10.5,15.0,43,1
Selic,2025-08-07,R6/2026,12.85,13.0,0.9139,10.0,15.0,130,0
Selic,2025-08-07,R5/2026,13.1395,13.0,0.8341000000000001,10.5,15.0,43,1
Selic,2025-08-07,R5/2026,13.2019,13.25,0.8923000000000001,10.0,15.0,130,0
Selic,2025-08-07,R4/2026,13.5581,13.5,0.7958000000000001,11.0,15.0,43,1
Selic,2025-08-07,R4/2026,13.6058,13.75,0.8244,10.5,15.0,130,0
Selic,2025-08-07,R3/2026,13.9942,14.0,0.7122,12.0,15.0,43,1
Selic,2025-08-07,R3/2026,14.0385,14.0,0.7088,11.5,15.0,130,0
Selic,2025-08-07,R2/2026,14.3663,14.25,0.5374,13.0,15.0,43,1
Selic,2025-08-07,R2/2026,14.4288,14.5,0.5523,12.5,15.0,130,0
Selic,2025-08-07,R1/2026,14.7102,14.875,0.3411,13.75,15.0,44,1
Selic,2025-08-07,R1/2026,14.7271,15.0,0.36610000000000004,13.5,15.0,131,0
Selic,2025-08-07,R8/2025,14.9362,15.0,0.1501,14.5,15.0,47,1
Selic,2025-08-07,R8/2025,14.9222,15.0,0.1912,14.0,15.0,135,0
Selic,2025-08-07,R7/2025,14.9944,15.0,0.0369,14.75,15.0,45,1
Selic,2025-08-07,R7/2025,14.985,15.0,0.0736,14.5,15.0,133,0
Selic,2025-08-07,R6/2025,15.0,15.0,0.0,15.0,15.0,45,1
Selic,2025-08-07,R6/2025,15.0,15.0,0.0,15.0,15.0,133,0
Selic,2025-08-06,R5/2027,11.0,11.0,0.9836,9.25,13.0,23,1
Selic,2025-08-06,R5/2027,11.0,11.0,0.9836,9.25,13.0,23,0
Selic,2025-08-06,R4/2027,11.1618,11.0,0.9072,9.75,13.0,34,1
Selic,2025-08-06,R4/2027,11.2986,11.375,1.0394,9.0,15.0,108,0
Selic,2025-08-06,R3/2027,11.5,11.5,0.8929,10.0,13.5,37,1
Selic,2025-08-06,R3/2027,11.5487,11.5,1.0347,9.5,15.0,113,0
Selic,2025-08-06,R2/2027,11.777,12.0,0.883,10.0,14.0,37,1
Selic,2025-08-06,R2/2027,11.8093,12.0,1.0146,9.5,15.0,113,0
Selic,2025-08-06,R1/2027,12.0338,12.0,0.8818,10.0,14.5,37,1
Selic,2025-08-06,R1/2027,12.0929,12.0,0.9817,9.5,15.0,113,0
Selic,2025-08-06,R8/2026,12.3222,12.5,0.8393,10.5,15.0,45,1
Selic,2025-08-06,R8/2026,12.4347,12.5,0.9468000000000001,9.5,15.0,134,0
Selic,2025-08-06,R7/2026,12.5291,12.75,0.8477,10.5,15.0,43,1
Selic,2025-08-06,R7/2026,12.6155,12.5,0.9277000000000001,9.5,15.0,130,0
Selic,2025-08-06,R6/2026,12.7849,13.0,0.8501000000000001,10.5,15.0,43,1
Selic,2025-08-06,R6/2026,12.8615,13.0,0.9126000000000001,10.0,15.0,130,0
Selic,2025-08-06,R5/2026,13.1337,13.0,0.8599,10.5,15.0,43,1
Selic,2025-08-06,R5/2026,13.2135,13.25,0.8929,10.0,15.0,130,0
Selic,2025-08-06,R4/2026,13.5465,13.5,0.8128000000000001,11.0,15.0,43,1
Selic,2025-08-06,R4/2026,13.6154,13.75,0.8246,10.5,15.0,130,0
Selic,2025-08-06,R3/2026,13.9709,14.0,0.7198,12.0,15.0,43,1
Selic,2025-08-06,R3/2026,14.0462,14.0,0.7083,11.5,15.0,130,0
Selic,2025-08-06,R2/2026,14.3547,14.25,0.5398000000000001,13.0,15.0,43,1
Selic,2025-08-06,R2/2026,14.4365,14.5,0.5532,12.5,15.0,130,0
Selic,2025-08-06,R1/2026,14.7102,14.875,0.3411,13.75,15.0,44,1
Selic,2025-08-06,R1/2026,14.729,15.0,0.3655,13.5,15.0,131,0
Selic,2025-08-06,R8/2025,14.9402,15.0,0.1491,14.5,15.0,46,1
Selic,2025-08-06,R8/2025,14.9241,15.0,0.1907,14.0,15.0,135,0
Selic,2025-08-06,R7/2025,14.9944,15.0,0.0369,14.75,15.0,45,1
Selic,2025-08-06,R7/2025,14.985,15.0,0.0736,14.5,15.0,133,0
Selic,2025-08-06,R6/2025,15.0,15.0,0.0,15.0,15.0,45,1
Selic,2025-08-06,R6/2025,15.0,15.0,0.0,15.0,15.0,133,0
Selic,2025-08-05,R5/2027,10.9625,11.0,0.9263,9.25,12.5,20,1
Selic,2025-08-05,R5/2027,10.9625,11.0,0.9263,9.25,12.5,20,0
Selic,2025-08-05,R4/2027,11.1172,11.0,0.8637,9.75,12.5,32,1
Selic,2025-08-05,R4/2027,11.3056,11.375,1.0349,9.0,15.0,108,0
Selic,2025-08-05,R3/2027,11.4571,11.5,0.8793000000000001,10.0,13.5,35,1
Selic,2025-08-05,R3/2027,11.5553,11.5,1.032,9.5,15.0,113,0
Selic,2025-08-05,R2/2027,11.7357,12.0,0.8943000000000001,10.0,14.0,35,1
Selic,2025-08-05,R2/2027,11.8204,12.0,1.0152,9.5,15.0,113,0
Selic,2025-08-05,R1/2027,11.9929,12.0,0.919,10.0,14.5,35,1
Selic,2025-08-05,R1/2027,12.104,12.0,0.9848,9.5,15.0,113,0
Selic,2025-08-05,R8/2026,12.3314,12.5,0.9256000000000001,10.5,15.0,43,1
Selic,2025-08-05,R8/2026,12.444,12.5,0.9511000000000001,9.5,15.0,134,0
Selic,2025-08-05,R7/2026,12.5061,12.5,0.9047000000000001,10.5,15.0,41,1
Selic,2025-08-05,R7/2026,12.6251,12.5,0.9355,9.5,15.0,130,0
Selic,2025-08-05,R6/2026,12.7561,13.0,0.9181,10.5,15.0,41,1
Selic,2025-08-05,R6/2026,12.8712,13.0,0.9231,10.0,15.0,130,0
Selic,2025-08-05,R5/2026,13.1037,13.0,0.9189,10.5,15.0,41,1
Selic,2025-08-05,R5/2026,13.2231,13.25,0.9052,10.0,15.0,130,0
Selic,2025-08-05,R4/2026,13.5183,13.5,0.8543000000000001,11.0,15.0,41,1
Selic,2025-08-05,R4/2026,13.6212,13.75,0.8316,10.5,15.0,130,0
Selic,2025-08-05,R3/2026,13.9451,14.0,0.7439,12.0,15.0,41,1
Selic,2025-08-05,R3/2026,14.0481,14.0,0.7106,11.5,15.0,130,0
Selic,2025-08-05,R2/2026,14.3354,14.25,0.5483,13.0,15.0,41,1
Selic,2025-08-05,R2/2026,14.4365,14.5,0.5532,12.5,15.0,130,0
Selic,2025-08-05,R1/2026,14.689,14.75,0.3526,13.75,15.0,41,1
Selic,2025-08-05,R1/2026,14.729,15.0,0.3655,13.5,15.0,131,0
Selic,2025-08-05,R8/2025,14.9318,15.0,0.15410000000000001,14.5,15.0,44,1
Selic,2025-08-05,R8/2025,14.9241,15.0,0.1907,14.0,15.0,135,0
Selic,2025-08-05,R7/2025,14.9942,15.0,0.037700000000000004,14.75,15.0,43,1
Selic,2025-08-05,R7/2025,14.985,15.0,0.0736,14.5,15.0,133,0
Selic,2025-08-05,R6/2025,15.0,15.0,0.0,15.0,15.0,43,1
Selic,2025-08-05,R6/2025,15.0,15.0,0.0,15.0,15.0,133,0
Selic,2025-08-04,R5/2027,11.0469,11.125,0.898,9.25,12.5,16,1
Selic,2025-08-04,R5/2027,11.0469,11.125,0.898,9.25,12.5,16,0
Selic,2025-08-04,R4/2027,11.1855,11.0,0.9439000000000001,9.75,12.75,31,1
Selic,2025-08-04,R4/2027,11.3037,11.25,1.0395,9.0,15.0,107,0
Selic,2025-08-04,R3/2027,11.4926,11.5,0.9422,10.0,13.5,34,1
Selic,2025-08-04,R3/2027,11.5513,11.5,1.0357,9.5,15.0,112,0
Selic,2025-08-04,R2/2027,11.75,12.0,0.9374,10.0,14.0,34,1
Selic,2025-08-04,R2/2027,11.8143,12.0,1.0177,9.5,15.0,112,0
Selic,2025-08-04,R1/2027,11.9926,12.0,0.9481,10.0,14.5,34,1
Selic,2025-08-04,R1/2027,12.096,12.0,0.9855,9.5,15.0,112,0
Selic,2025-08-04,R8/2026,12.3333,12.5,0.9381,10.5,15.0,42,1
Selic,2025-08-04,R8/2026,12.4398,12.5,0.9534,9.5,15.0,133,0
Selic,2025-08-04,R7/2026,12.5313,12.625,0.9223,10.5,15.0,40,1
Selic,2025-08-04,R7/2026,12.6222,12.5,0.9385,9.5,15.0,129,0
Selic,2025-08-04,R6/2026,12.8,13.0,0.9474,10.5,15.0,40,1
Selic,2025-08-04,R6/2026,12.8702,13.0,0.9266000000000001,10.0,15.0,129,0
Selic,2025-08-04,R5/2026,13.1438,13.125,0.9485,10.5,15.0,40,1
Selic,2025-08-04,R5/2026,13.2248,13.25,0.9085000000000001,10.0,15.0,129,0
Selic,2025-08-04,R4/2026,13.5563,13.625,0.8741,11.0,15.0,40,1
Selic,2025-08-04,R4/2026,13.626,13.75,0.833,10.5,15.0,129,0
Selic,2025-08-04,R3/2026,13.9875,14.0,0.7602,12.0,15.0,40,1
Selic,2025-08-04,R3/2026,14.0562,14.0,0.7073,11.5,15.0,129,0
Selic,2025-08-04,R2/2026,14.35,14.375,0.5557,13.0,15.0,40,1
Selic,2025-08-04,R2/2026,14.4438,14.5,0.5492,12.5,15.0,129,0
Selic,2025-08-04,R1/2026,14.675,14.875,0.3841,13.75,15.0,40,1
Selic,2025-08-04,R1/2026,14.7308,15.0,0.3664,13.5,15.0,130,0
Selic,2025-08-04,R8/2025,14.907,15.0,0.209,14.0,15.0,43,1
Selic,2025-08-04,R8/2025,14.9235,15.0,0.1913,14.0,15.0,134,0
Selic,2025-08-04,R7/2025,14.9821,15.0,0.0844,14.5,15.0,42,1
Selic,2025-08-04,R7/2025,14.9848,15.0,0.0738,14.5,15.0,132,0
Selic,2025-08-04,R6/2025,15.0,15.0,0.0,15.0,15.0,42,1
Selic,2025-08-04,R6/2025,15.0,15.0,0.0,15.0,15.0,132,0
Selic,2025-08-01,R5/2027,11.0179,11.125,0.8317,9.25,12.25,14,1
Selic,2025-08-01,R5/2027,11.0179,11.125,0.8317,9.25,12.25,14,0
Selic,2025-08-01,R4/2027,11.2016,11.0,0.9012,9.75,12.75,31,1
Selic,2025-08-01,R4/2027,11.3119,11.5,1.0323,9.0,15.0,109,0
Selic,2025-08-01,R3/2027,11.5,11.5,0.9156000000000001,10.0,13.5,34,1
Selic,2025-08-01,R3/2027,11.557,11.5,1.0276,9.5,15.0,114,0
Selic,2025-08-01,R2/2027,11.75,12.0,0.9216000000000001,10.0,14.0,34,1
Selic,2025-08-01,R2/2027,11.817,12.0,1.0057,9.5,15.0,115,0
Selic,2025-08-01,R1/2027,11.9926,12.0,0.9403,10.0,14.5,34,1
Selic,2025-08-01,R1/2027,12.0978,12.0,0.9751000000000001,9.5,15.0,115,0
Selic,2025-08-01,R8/2026,12.3438,12.5,0.9613,10.5,15.0,40,1
Selic,2025-08-01,R8/2026,12.443,12.5,0.9452,9.5,15.0,136,0
Selic,2025-08-01,R7/2026,12.5461,12.75,0.9369000000000001,10.5,15.0,38,1
Selic,2025-08-01,R7/2026,12.6308,12.5,0.9295,9.5,15.0,132,0
Selic,2025-08-01,R6/2026,12.8355,13.0,0.9464,10.5,15.0,38,1
Selic,2025-08-01,R6/2026,12.880700000000001,13.0,0.9178000000000001,10.0,15.0,132,0
Selic,2025-08-01,R5/2026,13.1645,13.25,0.9516,10.5,15.0,38,1
Selic,2025-08-01,R5/2026,13.2254,13.25,0.9071,10.0,15.0,132,0
Selic,2025-08-01,R4/2026,13.5658,13.75,0.8749,11.0,15.0,38,1
Selic,2025-08-01,R4/2026,13.6212,13.75,0.8351000000000001,10.5,15.0,132,0
Selic,2025-08-01,R3/2026,13.9868,14.0,0.7564000000000001,12.0,15.0,38,1
Selic,2025-08-01,R3/2026,14.0492,14.0,0.7134,11.5,15.0,132,0
Selic,2025-08-01,R2/2026,14.348700000000001,14.375,0.5606,13.0,15.0,38,1
Selic,2025-08-01,R2/2026,14.4318,14.5,0.5565,12.5,15.0,132,0
Selic,2025-08-01,R1/2026,14.6795,15.0,0.3879,13.75,15.0,39,1
Selic,2025-08-01,R1/2026,14.7162,15.0,0.37520000000000003,13.5,15.0,133,0
Selic,2025-08-01,R8/2025,14.9024,15.0,0.213,14.0,15.0,41,1
Selic,2025-08-01,R8/2025,14.9142,15.0,0.1968,14.0,15.0,137,0
Selic,2025-08-01,R7/2025,14.9817,15.0,0.0854,14.5,15.0,41,1
Selic,2025-08-01,R7/2025,14.9852,15.0,0.073,14.5,15.0,135,0
Selic,2025-08-01,R6/2025,15.0,15.0,0.0,15.0,15.0,41,1
Selic,2025-08-01,R6/2025,15.0,15.0,0.0,15.0,15.0,135,0
Selic,2025-07-31,R5/2027,11.625,11.625,0.375,11.25,12.0,2,1
Selic,2025-07-31,R5/2027,11.625,11.625,0.375,11.25,12.0,2,0
Selic,2025-07-31,R4/2027,11.4208,11.5,1.112,9.5,15.0,60,1
Selic,2025-07-31,R4/2027,11.3042,11.375,1.0422,9.0,15.0,106,0
Selic,2025-07-31,R3/2027,11.6411,11.625,1.1267,9.5,15.0,62,1
Selic,2025-07-31,R3/2027,11.5495,11.5,1.0375,9.5,15.0,111,0
Selic,2025-07-31,R2/2027,11.871,12.0,1.1428,9.5,15.0,62,1
Selic,2025-07-31,R2/2027,11.8076,12.0,1.0167,9.5,15.0,112,0
Selic,2025-07-31,R1/2027,12.129,12.0,1.1259000000000001,10.0,15.0,62,1
Selic,2025-07-31,R1/2027,12.0915,12.0,0.9865,9.5,15.0,112,0
Selic,2025-07-31,R8/2026,12.5,12.5,1.1063,10.0,15.0,72,1
Selic,2025-07-31,R8/2026,12.4328,12.5,0.9533,9.5,15.0,134,0
Selic,2025-07-31,R7/2026,12.7037,12.75,1.054,10.0,15.0,70,1
Selic,2025-07-31,R7/2026,12.6212,12.5,0.9339000000000001,9.5,15.0,130,0
Selic,2025-07-31,R6/2026,12.975,13.0,1.0438,10.0,15.0,70,1
Selic,2025-07-31,R6/2026,12.875,13.0,0.92,10.0,15.0,130,0
Selic,2025-07-31,R5/2026,13.2964,13.25,1.0397,10.0,15.0,70,1
Selic,2025-07-31,R5/2026,13.2192,13.25,0.9083,10.0,15.0,130,0
Selic,2025-07-31,R4/2026,13.6607,13.75,0.9599000000000001,10.5,15.0,70,1
Selic,2025-07-31,R4/2026,13.6154,13.75,0.835,10.5,15.0,130,0
Selic,2025-07-31,R3/2026,14.0679,14.25,0.8072,11.5,15.0,70,1
Selic,2025-07-31,R3/2026,14.0442,14.0,0.7135,11.5,15.0,130,0
Selic,2025-07-31,R2/2026,14.4393,14.5,0.6057,12.5,15.0,70,1
Selic,2025-07-31,R2/2026,14.4327,14.5,0.5588000000000001,12.5,15.0,130,0
Selic,2025-07-31,R1/2026,14.7148,15.0,0.3875,13.5,15.0,71,1
Selic,2025-07-31,R1/2026,14.717600000000001,15.0,0.3776,13.5,15.0,131,0
Selic,2025-07-31,R8/2025,14.911,15.0,0.1957,14.0,15.0,73,1
Selic,2025-07-31,R8/2025,14.913,15.0,0.19790000000000002,14.0,15.0,135,0
Selic,2025-07-31,R7/2025,14.9897,15.0,0.0646,14.5,15.0,73,1
Selic,2025-07-31,R7/2025,14.985,15.0,0.0736,14.5,15.0,133,0
Selic,2025-07-31,R6/2025,15.0,15.0,0.0,15.0,15.0,73,1
Selic,2025-07-31,R6/2025,15.0,15.0,0.0,15.0,15.0,133,0
Selic,2025-07-30,R4/2027,11.4153,11.5,1.086,9.5,15.0,62,1
Selic,2025-07-30,R4/2027,11.2929,11.25,1.0405,9.0,15.0,105,0
Selic,2025-07-30,R3/2027,11.6328,11.625,1.0995,9.5,15.0,64,1
Selic,2025-07-30,R3/2027,11.5495,11.5,1.0375,9.5,15.0,111,0
Selic,2025-07-30,R2/2027,11.8594,12.0,1.1135,9.5,15.0,64,1
Selic,2025-07-30,R2/2027,11.8076,12.0,1.0167,9.5,15.0,112,0
Selic,2025-07-30,R1/2027,12.1289,12.0,1.096,10.0,15.0,64,1
Selic,2025-07-30,R1/2027,12.0915,12.0,0.9865,9.5,15.0,112,0
Selic,2025-07-30,R8/2026,12.53,12.5,1.0847,10.0,15.0,75,1
Selic,2025-07-30,R8/2026,12.4328,12.5,0.9533,9.5,15.0,134,0
Selic,2025-07-30,R7/2026,12.7364,12.75,1.0276,10.0,15.0,73,1
Selic,2025-07-30,R7/2026,12.6212,12.5,0.9339000000000001,9.5,15.0,130,0
Selic,2025-07-30,R6/2026,12.9966,13.0,1.0123,10.0,15.0,73,1
Selic,2025-07-30,R6/2026,12.875,13.0,0.92,10.0,15.0,130,0
Selic,2025-07-30,R5/2026,13.3082,13.25,1.0132,10.0,15.0,73,1
Selic,2025-07-30,R5/2026,13.2192,13.25,0.9083,10.0,15.0,130,0
Selic,2025-07-30,R4/2026,13.6644,13.75,0.9347000000000001,10.5,15.0,73,1
Selic,2025-07-30,R4/2026,13.6154,13.75,0.835,10.5,15.0,130,0
Selic,2025-07-30,R3/2026,14.0651,14.25,0.7819,11.5,15.0,73,1
Selic,2025-07-30,R3/2026,14.0442,14.0,0.7135,11.5,15.0,130,0
Selic,2025-07-30,R2/2026,14.4315,14.5,0.5943,12.5,15.0,73,1
Selic,2025-07-30,R2/2026,14.4327,14.5,0.5588000000000001,12.5,15.0,130,0
Selic,2025-07-30,R1/2026,14.7061,15.0,0.3907,13.5,15.0,74,1
Selic,2025-07-30,R1/2026,14.717600000000001,15.0,0.3776,13.5,15.0,131,0
Selic,2025-07-30,R8/2025,14.9079,15.0,0.198,14.0,15.0,76,1
Selic,2025-07-30,R8/2025,14.913,15.0,0.19790000000000002,14.0,15.0,135,0
Selic,2025-07-30,R7/2025,14.9901,15.0,0.0634,14.5,15.0,76,1
Selic,2025-07-30,R7/2025,14.985,15.0,0.0736,14.5,15.0,133,0
Selic,2025-07-30,R6/2025,15.0,15.0,0.0,15.0,15.0,76,1
Selic,2025-07-30,R6/2025,15.0,15.0,0.0,15.0,15.0,133,0
Selic,2025-07-30,R5/2025,15.0,15.0,0.0,15.0,15.0,76,1
Selic,2025-07-30,R5/2025,15.0,15.0,0.0,15.0,15.0,133,0
Selic,2025-07-29,R4/2027,11.377,11.5,1.1081,9.5,15.0,63,1
Selic,2025-07-29,R4/2027,11.2929,11.25,1.0405,9.0,15.0,105,0
Selic,2025-07-29,R3/2027,11.568200000000001,11.5,1.1328,9.5,15.0,66,1
Selic,2025-07-29,R3/2027,11.5495,11.5,1.0375,9.5,15.0,111,0
Selic,2025-07-29,R2/2027,11.7955,12.0,1.1456,9.5,15.0,66,1
Selic,2025-07-29,R2/2027,11.8076,12.0,1.0167,9.5,15.0,112,0
Selic,2025-07-29,R1/2027,12.0644,12.0,1.1326,9.5,15.0,66,1
Selic,2025-07-29,R1/2027,12.0915,12.0,0.9865,9.5,15.0,112,0
Selic,2025-07-29,R8/2026,12.4441,12.5,1.1214,9.5,15.0,76,1
Selic,2025-07-29,R8/2026,12.431,12.5,0.9563,9.5,15.0,134,0
Selic,2025-07-29,R7/2026,12.6601,12.75,1.0897000000000001,9.5,15.0,75,1
Selic,2025-07-29,R7/2026,12.6193,12.5,0.9375,9.5,15.0,130,0
Selic,2025-07-29,R6/2026,12.9233,13.0,1.0575,10.0,15.0,75,1
Selic,2025-07-29,R6/2026,12.875,13.0,0.92,10.0,15.0,130,0
Selic,2025-07-29,R5/2026,13.24,13.25,1.0507,10.0,15.0,75,1
Selic,2025-07-29,R5/2026,13.2192,13.25,0.9083,10.0,15.0,130,0
Selic,2025-07-29,R4/2026,13.61,13.75,0.9576,10.5,15.0,75,1
Selic,2025-07-29,R4/2026,13.6154,13.75,0.835,10.5,15.0,130,0
Selic,2025-07-29,R3/2026,14.0233,14.0,0.7991,11.5,15.0,75,1
Selic,2025-07-29,R3/2026,14.0442,14.0,0.7135,11.5,15.0,130,0
Selic,2025-07-29,R2/2026,14.4033,14.5,0.6095,12.5,15.0,75,1
Selic,2025-07-29,R2/2026,14.4327,14.5,0.5588000000000001,12.5,15.0,130,0
Selic,2025-07-29,R1/2026,14.6941,15.0,0.4108,13.5,15.0,76,1
Selic,2025-07-29,R1/2026,14.717600000000001,15.0,0.3776,13.5,15.0,131,0
Selic,2025-07-29,R8/2025,14.8961,15.0,0.222,14.0,15.0,77,1
Selic,2025-07-29,R8/2025,14.913,15.0,0.19790000000000002,14.0,15.0,135,0
Selic,2025-07-29,R7/2025,14.9838,15.0,0.0839,14.5,15.0,77,1
Selic,2025-07-29,R7/2025,14.985,15.0,0.0736,14.5,15.0,133,0
Selic,2025-07-29,R6/2025,15.0,15.0,0.0,15.0,15.0,77,1
Selic,2025-07-29,R6/2025,15.0,15.0,0.0,15.0,15.0,133,0
Selic,2025-07-29,R5/2025,15.0,15.0,0.0,15.0,15.0,77,1
Selic,2025-07-29,R5/2025,15.0,15.0,0.0,15.0,15.0,133,0
Selic,2025-07-28,R4/2027,11.3902,11.5,1.0976,9.5,15.0,66,1
Selic,2025-07-28,R4/2027,11.2929,11.25,1.0405,9.0,15.0,105,0
Selic,2025-07-28,R3/2027,11.587,11.5,1.1244,9.5,15.0,69,1
Selic,2025-07-28,R3/2027,11.5495,11.5,1.0375,9.5,15.0,111,0
Selic,2025-07-28,R2/2027,11.8152,12.0,1.1314,9.5,15.0,69,1
Selic,2025-07-28,R2/2027,11.8076,12.0,1.0167,9.5,15.0,112,0
Selic,2025-07-28,R1/2027,12.0906,12.0,1.1164,9.5,15.0,69,1
Selic,2025-07-28,R1/2027,12.0915,12.0,0.9865,9.5,15.0,112,0
Selic,2025-07-28,R8/2026,12.4563,12.5,1.0981,9.5,15.0,80,1
Selic,2025-07-28,R8/2026,12.431,12.5,0.9563,9.5,15.0,134,0
Selic,2025-07-28,R7/2026,12.671,12.75,1.0646,9.5,15.0,79,1
Selic,2025-07-28,R7/2026,12.6193,12.5,0.9375,9.5,15.0,130,0
Selic,2025-07-28,R6/2026,12.9304,13.0,1.0311,10.0,15.0,79,1
Selic,2025-07-28,R6/2026,12.875,13.0,0.92,10.0,15.0,130,0
Selic,2025-07-28,R5/2026,13.2437,13.25,1.0227,10.0,15.0,79,1
Selic,2025-07-28,R5/2026,13.2192,13.25,0.9083,10.0,15.0,130,0
Selic,2025-07-28,R4/2026,13.6076,13.75,0.9377000000000001,10.5,15.0,79,1
Selic,2025-07-28,R4/2026,13.6154,13.75,0.835,10.5,15.0,130,0
Selic,2025-07-28,R3/2026,14.0253,14.0,0.7821,11.5,15.0,79,1
Selic,2025-07-28,R3/2026,14.0442,14.0,0.7135,11.5,15.0,130,0
Selic,2025-07-28,R2/2026,14.4146,14.5,0.6018,12.5,15.0,79,1
Selic,2025-07-28,R2/2026,14.4327,14.5,0.5588000000000001,12.5,15.0,130,0
Selic,2025-07-28,R1/2026,14.7,15.0,0.4,13.5,15.0,80,1
Selic,2025-07-28,R1/2026,14.717600000000001,15.0,0.3776,13.5,15.0,131,0
Selic,2025-07-28,R8/2025,14.9012,15.0,0.2029,14.0,15.0,81,1
Selic,2025-07-28,R8/2025,14.913,15.0,0.19790000000000002,14.0,15.0,135,0
Selic,2025-07-28,R7/2025,14.9877,15.0,0.0669,14.5,15.0,81,1
Selic,2025-07-28,R7/2025,14.985,15.0,0.0736,14.5,15.0,133,0
Selic,2025-07-28,R6/2025,15.0,15.0,0.0,15.0,15.0,81,1
Selic,2025-07-28,R6/2025,15.0,15.0,0.0,15.0,15.0,133,0
Selic,2025-07-28,R5/2025,15.0,15.0,0.0,15.0,15.0,81,1
Selic,2025-07-28,R5/2025,15.0,15.0,0.0,15.0,15.0,133,0
Selic,2025-07-25,R4/2027,11.3272,11.375,1.115,9.5,15.0,68,1
Selic,2025-07-25,R4/2027,11.3028,11.25,1.035,9.0,15.0,109,0
Selic,2025-07-25,R3/2027,11.5387,11.5,1.135,9.5,15.0,71,1
Selic,2025-07-25,R3/2027,11.5647,11.5,1.0303,9.5,15.0,116,0
Selic,2025-07-25,R2/2027,11.7852,12.0,1.13,9.5,15.0,71,1
Selic,2025-07-25,R2/2027,11.8222,12.0,1.0066,9.5,15.0,117,0
Selic,2025-07-25,R1/2027,12.0739,12.0,1.1112,9.5,15.0,71,1
Selic,2025-07-25,R1/2027,12.1047,12.0,0.9752000000000001,9.5,15.0,117,0
Selic,2025-07-25,R8/2026,12.4524,12.5,1.1036,9.5,15.0,84,1
Selic,2025-07-25,R8/2026,12.4357,12.5,0.9446,9.5,15.0,140,0
Selic,2025-07-25,R7/2026,12.6465,12.625,1.0583,9.5,15.0,82,1
Selic,2025-07-25,R7/2026,12.6232,12.5,0.9249,9.5,15.0,136,0
Selic,2025-07-25,R6/2026,12.9085,13.0,1.0267,10.0,15.0,82,1
Selic,2025-07-25,R6/2026,12.875,13.0,0.9095000000000001,10.0,15.0,136,0
Selic,2025-07-25,R5/2026,13.2317,13.25,1.0172,10.0,15.0,82,1
Selic,2025-07-25,R5/2026,13.2169,13.25,0.9023,10.0,15.0,136,0
Selic,2025-07-25,R4/2026,13.6067,13.75,0.9281,10.5,15.0,82,1
Selic,2025-07-25,R4/2026,13.6176,13.75,0.8275,10.5,15.0,136,0
Selic,2025-07-25,R3/2026,14.0335,14.0,0.7748,11.5,15.0,82,1
Selic,2025-07-25,R3/2026,14.0496,14.0,0.707,11.5,15.0,136,0
Selic,2025-07-25,R2/2026,14.4268,14.5,0.5966,12.5,15.0,82,1
Selic,2025-07-25,R2/2026,14.4412,14.5,0.5543,12.5,15.0,136,0
Selic,2025-07-25,R1/2026,14.7108,15.0,0.3967,13.5,15.0,83,1
Selic,2025-07-25,R1/2026,14.7226,15.0,0.372,13.5,15.0,137,0
Selic,2025-07-25,R8/2025,14.9059,15.0,0.19920000000000002,14.0,15.0,85,1
Selic,2025-07-25,R8/2025,14.9155,15.0,0.1943,14.0,15.0,142,0
Selic,2025-07-25,R7/2025,14.9882,15.0,0.0654,14.5,15.0,85,1
Selic,2025-07-25,R7/2025,14.9857,15.0,0.0718,14.5,15.0,140,0
Selic,2025-07-25,R6/2025,15.0,15.0,0.0,15.0,15.0,85,1
Selic,2025-07-25,R6/2025,15.0,15.0,0.0,15.0,15.0,140,0
Selic,2025-07-25,R5/2025,15.0,15.0,0.0,15.0,15.0,85,1
Selic,2025-07-25,R5/2025,15.0,15.0,0.0,15.0,15.0,140,0
Selic,2025-07-24,R4/2027,11.1736,11.0,1.0195,9.0,15.0,72,1
Selic,2025-07-24,R4/2027,11.2476,11.25,0.9758,9.0,15.0,106,0
Selic,2025-07-24,R3/2027,11.4776,11.5,1.0884,9.5,15.0,78,1
Selic,2025-07-24,R3/2027,11.5461,11.5,1.0273,9.5,15.0,114,0
Selic,2025-07-24,R2/2027,11.734,12.0,1.0511,9.5,15.0,78,1
Selic,2025-07-24,R2/2027,11.8039,12.0,0.988,9.5,15.0,115,0
Selic,2025-07-24,R1/2027,12.0385,12.0,1.0324,9.5,15.0,78,1
Selic,2025-07-24,R1/2027,12.0891,12.0,0.9517,9.5,15.0,115,0
Selic,2025-07-24,R8/2026,12.3892,12.5,1.0484,9.5,15.0,88,1
Selic,2025-07-24,R8/2026,12.4197,12.5,0.9266000000000001,9.5,15.0,137,0
Selic,2025-07-24,R7/2026,12.5641,12.5,1.0216,9.5,15.0,86,1
Selic,2025-07-24,R7/2026,12.618500000000001,12.5,0.9138000000000001,9.5,15.0,133,0
Selic,2025-07-24,R6/2026,12.8198,13.0,0.9946,10.0,15.0,86,1
Selic,2025-07-24,R6/2026,12.8722,13.0,0.9051,10.0,15.0,133,0
Selic,2025-07-24,R5/2026,13.1599,13.25,0.9637,10.0,15.0,86,1
Selic,2025-07-24,R5/2026,13.2105,13.25,0.8948,10.0,15.0,133,0
Selic,2025-07-24,R4/2026,13.5552,13.5,0.8838,10.5,15.0,86,1
Selic,2025-07-24,R4/2026,13.6109,13.75,0.8228000000000001,10.5,15.0,133,0
Selic,2025-07-24,R3/2026,13.9884,14.0,0.7392000000000001,11.5,15.0,86,1
Selic,2025-07-24,R3/2026,14.0432,14.0,0.7034,11.5,15.0,133,0
Selic,2025-07-24,R2/2026,14.3924,14.5,0.5789000000000001,12.5,15.0,86,1
Selic,2025-07-24,R2/2026,14.4342,14.5,0.5492,12.5,15.0,133,0
Selic,2025-07-24,R1/2026,14.7011,15.0,0.3991,13.5,15.0,87,1
Selic,2025-07-24,R1/2026,14.722,15.0,0.36860000000000004,13.5,15.0,134,0
Selic,2025-07-24,R8/2025,14.9045,15.0,0.2137,14.0,15.0,89,1
Selic,2025-07-24,R8/2025,14.9191,15.0,0.1925,14.0,15.0,139,0
Selic,2025-07-24,R7/2025,14.9803,15.0,0.0857,14.5,15.0,89,1
Selic,2025-07-24,R7/2025,14.9854,15.0,0.07250000000000001,14.5,15.0,137,0
Selic,2025-07-24,R6/2025,15.0,15.0,0.0,15.0,15.0,89,1
Selic,2025-07-24,R6/2025,15.0,15.0,0.0,15.0,15.0,137,0
Selic,2025-07-24,R5/2025,15.0,15.0,0.0,15.0,15.0,89,1
Selic,2025-07-24,R5/2025,15.0,15.0,0.0,15.0,15.0,137,0
Selic,2025-07-23,R4/2027,11.1918,11.0,1.0174,9.0,15.0,73,1
Selic,2025-07-23,R4/2027,11.2453,11.25,0.9715,9.0,15.0,107,0
Selic,2025-07-23,R3/2027,11.4937,11.5,1.0893,9.5,15.0,79,1
Selic,2025-07-23,R3/2027,11.5435,11.5,1.0232,9.5,15.0,115,0
Selic,2025-07-23,R2/2027,11.7595,12.0,1.0655000000000001,9.5,15.0,79,1
Selic,2025-07-23,R2/2027,11.8034,12.0,0.9848,9.5,15.0,116,0
Selic,2025-07-23,R1/2027,12.0506,12.0,1.0345,9.5,15.0,79,1
Selic,2025-07-23,R1/2027,12.0905,12.0,0.9488000000000001,9.5,15.0,116,0
Selic,2025-07-23,R8/2026,12.3649,12.5,1.0407,9.5,15.0,87,1
Selic,2025-07-23,R8/2026,12.4167,12.5,0.9239,9.5,15.0,138,0
Selic,2025-07-23,R7/2026,12.5295,12.5,1.009,9.5,15.0,85,1
Selic,2025-07-23,R7/2026,12.6157,12.5,0.9119,9.5,15.0,134,0
Selic,2025-07-23,R6/2026,12.7765,13.0,0.9859,10.0,15.0,85,1
Selic,2025-07-23,R6/2026,12.8675,13.0,0.9033,10.0,15.0,134,0
Selic,2025-07-23,R5/2026,13.1265,13.0,0.9645,10.0,15.0,85,1
Selic,2025-07-23,R5/2026,13.209,13.25,0.8906000000000001,10.0,15.0,134,0
Selic,2025-07-23,R4/2026,13.5412,13.5,0.8935000000000001,10.5,15.0,85,1
Selic,2025-07-23,R4/2026,13.6101,13.75,0.8187000000000001,10.5,15.0,134,0
Selic,2025-07-23,R3/2026,13.9912,14.0,0.7558,11.5,15.0,85,1
Selic,2025-07-23,R3/2026,14.0448,14.0,0.6997,11.5,15.0,134,0
Selic,2025-07-23,R2/2026,14.3941,14.5,0.5858,12.5,15.0,85,1
Selic,2025-07-23,R2/2026,14.4328,14.5,0.5474,12.5,15.0,134,0
Selic,2025-07-23,R1/2026,14.7006,15.0,0.394,13.5,15.0,86,1
Selic,2025-07-23,R1/2026,14.7204,15.0,0.3665,13.5,15.0,135,0
Selic,2025-07-23,R8/2025,14.9034,15.0,0.2146,14.0,15.0,88,1
Selic,2025-07-23,R8/2025,14.9179,15.0,0.19240000000000002,14.0,15.0,140,0
Selic,2025-07-23,R7/2025,14.9773,15.0,0.08950000000000001,14.5,15.0,88,1
Selic,2025-07-23,R7/2025,14.9855,15.0,0.0723,14.5,15.0,138,0
Selic,2025-07-23,R6/2025,15.0,15.0,0.0,15.0,15.0,88,1
Selic,2025-07-23,R6/2025,15.0,15.0,0.0,15.0,15.0,138,0
Selic,2025-07-23,R5/2025,15.0,15.0,0.0,15.0,15.0,88,1
Selic,2025-07-23,R5/2025,15.0,15.0,0.0,15.0,15.0,138,0
Selic,2025-07-22,R4/2027,11.2333,11.0,0.9818,9.0,15.0,75,1
Selic,2025-07-22,R4/2027,11.2453,11.25,0.9715,9.0,15.0,107,0
Selic,2025-07-22,R3/2027,11.5625,11.5,1.0402,9.5,15.0,80,1
Selic,2025-07-22,R3/2027,11.5614,11.5,1.0096,9.5,15.0,114,0
Selic,2025-07-22,R2/2027,11.8344,12.0,1.0085,10.0,15.0,80,1
Selic,2025-07-22,R2/2027,11.8235,12.0,0.9653,10.0,15.0,115,0
Selic,2025-07-22,R1/2027,12.1281,12.0,0.9682000000000001,10.0,15.0,80,1
Selic,2025-07-22,R1/2027,12.113,12.0,0.9215000000000001,10.0,15.0,115,0
Selic,2025-07-22,R8/2026,12.4306,12.5,0.9596,10.5,15.0,90,1
Selic,2025-07-22,R8/2026,12.4361,12.5,0.8925000000000001,10.0,15.0,137,0
Selic,2025-07-22,R7/2026,12.6166,12.5,0.9199,10.5,15.0,88,1
Selic,2025-07-22,R7/2026,12.6392,12.5,0.8743000000000001,10.0,15.0,133,0
Selic,2025-07-22,R6/2026,12.8722,13.0,0.903,10.5,15.0,88,1
Selic,2025-07-22,R6/2026,12.8872,13.0,0.8776,10.0,15.0,133,0
Selic,2025-07-22,R5/2026,13.233,13.25,0.874,10.5,15.0,88,1
Selic,2025-07-22,R5/2026,13.2256,13.25,0.873,10.0,15.0,133,0
Selic,2025-07-22,R4/2026,13.630700000000001,13.625,0.8057000000000001,11.0,15.0,88,1
Selic,2025-07-22,R4/2026,13.6222,13.75,0.8097000000000001,10.5,15.0,133,0
Selic,2025-07-22,R3/2026,14.0625,14.0,0.687,12.0,15.0,88,1
Selic,2025-07-22,R3/2026,14.0526,14.0,0.6964,11.5,15.0,133,0
Selic,2025-07-22,R2/2026,14.4489,14.5,0.5305,13.0,15.0,88,1
Selic,2025-07-22,R2/2026,14.4361,14.5,0.5481,12.5,15.0,133,0
Selic,2025-07-22,R1/2026,14.7331,15.0,0.3451,13.75,15.0,89,1
Selic,2025-07-22,R1/2026,14.7183,15.0,0.367,13.5,15.0,134,0
Selic,2025-07-22,R8/2025,14.9231,15.0,0.1842,14.0,15.0,91,1
Selic,2025-07-22,R8/2025,14.917300000000001,15.0,0.19290000000000002,14.0,15.0,139,0
Selic,2025-07-22,R7/2025,14.9835,15.0,0.0723,14.5,15.0,91,1
Selic,2025-07-22,R7/2025,14.9854,15.0,0.07250000000000001,14.5,15.0,137,0
Selic,2025-07-22,R6/2025,15.0,15.0,0.0,15.0,15.0,91,1
Selic,2025-07-22,R6/2025,15.0,15.0,0.0,15.0,15.0,137,0
Selic,2025-07-22,R5/2025,15.0,15.0,0.0,15.0,15.0,91,1
Selic,2025-07-22,R5/2025,15.0,15.0,0.0,15.0,15.0,137,0
Selic,2025-07-21,R4/2027,11.2128,11.125,0.9706,9.0,15.0,74,1
Selic,2025-07-21,R4/2027,11.2453,11.25,0.9719000000000001,9.0,15.0,106,0
Selic,2025-07-21,R3/2027,11.5475,11.5,1.0281,9.5,15.0,79,1
Selic,2025-07-21,R3/2027,11.5642,11.5,1.0098,9.5,15.0,113,0
Selic,2025-07-21,R2/2027,11.8228,12.0,1.0049,10.0,15.0,79,1
Selic,2025-07-21,R2/2027,11.8263,12.0,0.9656,10.0,15.0,114,0
Selic,2025-07-21,R1/2027,12.1203,12.0,0.9685,10.0,15.0,79,1
Selic,2025-07-21,R1/2027,12.114,12.0,0.9231,10.0,15.0,114,0
Selic,2025-07-21,R8/2026,12.4306,12.5,0.9603,10.5,15.0,90,1
Selic,2025-07-21,R8/2026,12.4375,12.5,0.8956000000000001,10.0,15.0,136,0
Selic,2025-07-21,R7/2026,12.6208,12.5,0.9306000000000001,10.5,15.0,87,1
Selic,2025-07-21,R7/2026,12.6421,12.5,0.8801,10.0,15.0,132,0
Selic,2025-07-21,R6/2026,12.882200000000001,13.0,0.9167000000000001,10.5,15.0,87,1
Selic,2025-07-21,R6/2026,12.892,13.0,0.8856,10.0,15.0,132,0
Selic,2025-07-21,R5/2026,13.2471,13.25,0.8877,10.5,15.0,87,1
Selic,2025-07-21,R5/2026,13.2311,13.25,0.8821,10.0,15.0,132,0
Selic,2025-07-21,R4/2026,13.6408,13.5,0.8180000000000001,11.0,15.0,87,1
Selic,2025-07-21,R4/2026,13.625,13.75,0.8168000000000001,10.5,15.0,132,0
Selic,2025-07-21,R3/2026,14.069,14.0,0.6976,12.0,15.0,87,1
Selic,2025-07-21,R3/2026,14.053,14.0,0.7011000000000001,11.5,15.0,132,0
Selic,2025-07-21,R2/2026,14.4454,14.5,0.5326000000000001,13.0,15.0,87,1
Selic,2025-07-21,R2/2026,14.4337,14.5,0.5495,12.5,15.0,132,0
Selic,2025-07-21,R1/2026,14.733,15.0,0.3471,13.75,15.0,88,1
Selic,2025-07-21,R1/2026,14.7162,15.0,0.36760000000000004,13.5,15.0,133,0
Selic,2025-07-21,R8/2025,14.9231,15.0,0.1842,14.0,15.0,91,1
Selic,2025-07-21,R8/2025,14.9167,15.0,0.1935,14.0,15.0,138,0
Selic,2025-07-21,R7/2025,14.9833,15.0,0.0726,14.5,15.0,90,1
Selic,2025-07-21,R7/2025,14.9853,15.0,0.0728,14.5,15.0,136,0
Selic,2025-07-21,R6/2025,15.0,15.0,0.0,15.0,15.0,90,1
Selic,2025-07-21,R6/2025,15.0,15.0,0.0,15.0,15.0,136,0
Selic,2025-07-21,R5/2025,15.0,15.0,0.0,15.0,15.0,90,1
Selic,2025-07-21,R5/2025,15.0,15.0,0.0,15.0,15.0,136,0
Selic,2025-07-18,R4/2027,11.2329,11.25,0.9751000000000001,9.0,15.0,73,1
Selic,2025-07-18,R4/2027,11.2798,11.25,1.0236,9.0,15.0,109,0
Selic,2025-07-18,R3/2027,11.5673,11.5,1.0398,9.5,15.0,78,1
Selic,2025-07-18,R3/2027,11.5833,11.5,1.0444,9.5,15.0,117,0
Selic,2025-07-18,R2/2027,11.8462,12.0,1.0184,10.0,15.0,78,1
Selic,2025-07-18,R2/2027,11.8386,12.0,0.9978,10.0,15.0,118,0
Selic,2025-07-18,R1/2027,12.1442,12.0,0.9744,10.0,15.0,78,1
Selic,2025-07-18,R1/2027,12.125,12.0,0.9516,10.0,15.0,118,0
Selic,2025-07-18,R8/2026,12.4564,12.5,0.9418000000000001,10.5,15.0,86,1
Selic,2025-07-18,R8/2026,12.4504,12.5,0.9125000000000001,10.0,15.0,141,0
Selic,2025-07-18,R7/2026,12.6736,12.5,0.9178000000000001,10.5,15.0,85,1
Selic,2025-07-18,R7/2026,12.6534,12.5,0.893,10.0,15.0,137,0
Selic,2025-07-18,R6/2026,12.9353,13.0,0.9027000000000001,10.5,15.0,85,1
Selic,2025-07-18,R6/2026,12.9033,13.0,0.8936000000000001,10.0,15.0,137,0
Selic,2025-07-18,R5/2026,13.2882,13.25,0.8808,10.5,15.0,85,1
Selic,2025-07-18,R5/2026,13.2445,13.25,0.8845000000000001,10.0,15.0,137,0
Selic,2025-07-18,R4/2026,13.6676,13.75,0.8192,11.0,15.0,85,1
Selic,2025-07-18,R4/2026,13.6442,13.75,0.8132,10.5,15.0,137,0
Selic,2025-07-18,R3/2026,14.0824,14.0,0.7012,12.0,15.0,85,1
Selic,2025-07-18,R3/2026,14.073,14.0,0.6975,11.5,15.0,137,0
Selic,2025-07-18,R2/2026,14.4441,14.5,0.5333,13.0,15.0,85,1
Selic,2025-07-18,R2/2026,14.4544,14.5,0.5497000000000001,12.5,15.0,137,0
Selic,2025-07-18,R1/2026,14.7265,15.0,0.3486,13.75,15.0,85,1
Selic,2025-07-18,R1/2026,14.7264,15.0,0.3648,13.5,15.0,138,0
Selic,2025-07-18,R8/2025,14.9195,15.0,0.18760000000000002,14.0,15.0,87,1
Selic,2025-07-18,R8/2025,14.9196,15.0,0.1907,14.0,15.0,143,0
Selic,2025-07-18,R7/2025,14.9826,15.0,0.0742,14.5,15.0,86,1
Selic,2025-07-18,R7/2025,14.9858,15.0,0.07150000000000001,14.5,15.0,141,0
Selic,2025-07-18,R6/2025,15.0,15.0,0.0,15.0,15.0,86,1
Selic,2025-07-18,R6/2025,15.0,15.0,0.0,15.0,15.0,141,0
Selic,2025-07-18,R5/2025,15.0,15.0,0.0,15.0,15.0,86,1
Selic,2025-07-18,R5/2025,15.0,15.0,0.0,15.0,15.0,141,0
Selic,2025-07-17,R4/2027,11.2849,11.25,0.9532,9.5,13.0,43,1
Selic,2025-07-17,R4/2027,11.3186,11.25,1.0237,9.5,15.0,102,0
Selic,2025-07-17,R3/2027,11.5398,11.5,0.9726,9.5,13.25,44,1
Selic,2025-07-17,R3/2027,11.6261,11.5,1.0502,9.5,15.0,113,0
Selic,2025-07-17,R2/2027,11.8011,12.0,0.9676,10.0,13.5,44,1
Selic,2025-07-17,R2/2027,11.8768,12.0,1.0058,10.0,15.0,114,0
Selic,2025-07-17,R1/2027,12.0739,12.0,0.9363,10.0,13.75,44,1
Selic,2025-07-17,R1/2027,12.1469,12.0,0.9664,10.0,15.0,114,0
