Indicador,Data,DataReferencia,Media,Mediana,DesvioPadrao,Minimo,Maximo,numeroRespondentes,baseCalculo
IPCA,2025-08-29,08/2027,0.1379,0.145,0.10490000000000001,-0.23070000000000002,0.29,32,1
IPCA,2025-08-29,08/2027,0.1749,0.185,0.11470000000000001,-0.25,0.53,88,0
Câmbio,2025-08-29,08/2027,5.5689,5.58,0.1331,5.27,5.71,9,1
Câmbio,2025-08-29,08/2027,5.5689,5.58,0.1331,5.27,5.71,9,0
IPCA Livres,2025-08-29,08/2027,0.092,0.12,0.1023,-0.1573,0.21,12,1
IPCA Livres,2025-08-29,08/2027,0.1434,0.162,0.10070000000000001,-0.1573,0.4,58,0
IPCA Serviços,2025-08-29,08/2027,0.21580000000000002,0.2157,0.10540000000000001,0.05,0.42,14,1
IPCA Serviços,2025-08-29,08/2027,0.2281,0.23570000000000002,0.12350000000000001,0.04,0.8,56,0
IPCA Bens industrializados,2025-08-29,08/2027,0.19640000000000002,0.2,0.1331,-0.13970000000000002,0.39,13,1
IPCA Bens industrializados,2025-08-29,08/2027,0.2099,0.22,0.0945,-0.13970000000000002,0.39,55,0
IPCA Alimentação no domicílio,2025-08-29,08/2027,-0.23070000000000002,-0.191,0.361,-0.9500000000000001,0.3734,13,1
IPCA Alimentação no domicílio,2025-08-29,08/2027,-0.0942,-0.045,0.3302,-0.9500000000000001,0.554,56,0
IPCA Administrados,2025-08-29,08/2027,0.2003,0.22240000000000001,0.113,-0.11,0.32,13,1
IPCA Administrados,2025-08-29,08/2027,0.24710000000000001,0.2466,0.1935,-0.5700000000000001,1.0,61,0
IPCA,2025-08-29,07/2027,0.2024,0.2,0.0927,0.0,0.48,33,1
IPCA,2025-08-29,07/2027,0.22080000000000002,0.21,0.1,-0.07,0.52,100,0
Câmbio,2025-08-29,07/2027,5.5332,5.54,0.1883,5.0,5.89,20,1
Câmbio,2025-08-29,07/2027,5.6143,5.6,0.21860000000000002,5.0,6.55,77,0
IPCA Livres,2025-08-29,07/2027,0.15660000000000002,0.1584,0.1135,-0.0167,0.43,12,1
IPCA Livres,2025-08-29,07/2027,0.2199,0.2,0.12240000000000001,-0.0167,0.7000000000000001,67,0
IPCA Serviços,2025-08-29,07/2027,0.45840000000000003,0.42150000000000004,0.14450000000000002,0.25,0.89,15,1
IPCA Serviços,2025-08-29,07/2027,0.4146,0.4,0.152,0.0,0.89,66,0
IPCA Bens industrializados,2025-08-29,07/2027,0.0731,0.08610000000000001,0.1048,-0.24810000000000001,0.22,14,1
IPCA Bens industrializados,2025-08-29,07/2027,0.11660000000000001,0.1047,0.123,-0.24810000000000001,0.5,64,0
IPCA Alimentação no domicílio,2025-08-29,07/2027,-0.26380000000000003,-0.20500000000000002,0.28850000000000003,-0.868,0.1,14,1
IPCA Alimentação no domicílio,2025-08-29,07/2027,-0.0183,0.0,0.3053,-0.868,1.02,65,0
IPCA Administrados,2025-08-29,07/2027,0.3241,0.2962,0.161,0.02,0.64,14,1
IPCA Administrados,2025-08-29,07/2027,0.3226,0.305,0.20120000000000002,-0.6000000000000001,0.85,68,0
IPCA,2025-08-29,06/2027,0.1809,0.195,0.0815,0.0,0.39,34,1
IPCA,2025-08-29,06/2027,0.23140000000000002,0.21,0.0927,0.0,0.49,103,0
Câmbio,2025-08-29,06/2027,5.5414,5.555,0.24550000000000002,4.8100000000000005,5.89,22,1
Câmbio,2025-08-29,06/2027,5.6133,5.605,0.23820000000000002,4.8100000000000005,6.47,84,0
IPCA Livres,2025-08-29,06/2027,0.1494,0.165,0.0743,-0.0507,0.2354,12,1
IPCA Livres,2025-08-29,06/2027,0.2306,0.22,0.1114,-0.0507,0.51,67,0
IPCA Serviços,2025-08-29,06/2027,0.3557,0.36,0.0599,0.25,0.47000000000000003,15,1
IPCA Serviços,2025-08-29,06/2027,0.34400000000000003,0.34,0.09870000000000001,0.1,0.65,66,0
IPCA Bens industrializados,2025-08-29,06/2027,0.0606,0.095,0.1887,-0.4929,0.34,14,1
IPCA Bens industrializados,2025-08-29,06/2027,0.1494,0.15,0.13140000000000002,-0.4929,0.4219,64,0
IPCA Alimentação no domicílio,2025-08-29,06/2027,-0.1071,-0.08310000000000001,0.2081,-0.41000000000000003,0.24,14,1
IPCA Alimentação no domicílio,2025-08-29,06/2027,0.11420000000000001,0.1,0.2619,-0.46,0.9500000000000001,65,0
IPCA Administrados,2025-08-29,06/2027,0.2524,0.26,0.1411,-0.04,0.51,15,1
IPCA Administrados,2025-08-29,06/2027,0.2997,0.2886,0.1899,-0.04,1.08,69,0
IPCA,2025-08-29,05/2027,0.26030000000000003,0.27,0.06420000000000001,0.1394,0.43,34,1
IPCA,2025-08-29,05/2027,0.26890000000000003,0.28,0.07690000000000001,0.04,0.5,104,0
Câmbio,2025-08-29,05/2027,5.5648,5.6,0.2169,5.0,5.88,23,1
Câmbio,2025-08-29,05/2027,5.6156,5.615,0.22510000000000002,5.0,6.39,86,0
IPCA Livres,2025-08-29,05/2027,0.1701,0.18,0.0472,0.09,0.24,12,1
IPCA Livres,2025-08-29,05/2027,0.21180000000000002,0.2,0.1173,-0.04,0.61,68,0
IPCA Serviços,2025-08-29,05/2027,0.1794,0.1318,0.131,-0.01,0.46,15,1
IPCA Serviços,2025-08-29,05/2027,0.18510000000000001,0.19,0.1394,-0.13,0.65,67,0
IPCA Bens industrializados,2025-08-29,05/2027,0.23570000000000002,0.265,0.1444,-0.1565,0.4,14,1
IPCA Bens industrializados,2025-08-29,05/2027,0.2641,0.28,0.11040000000000001,-0.1565,0.53,64,0
IPCA Alimentação no domicílio,2025-08-29,05/2027,0.1812,0.18,0.10110000000000001,0.02,0.42,14,1
IPCA Alimentação no domicílio,2025-08-29,05/2027,0.2172,0.2,0.2039,-0.4,0.89,66,0
IPCA Administrados,2025-08-29,05/2027,0.5045000000000001,0.43,0.197,0.26,1.1164,15,1
IPCA Administrados,2025-08-29,05/2027,0.4496,0.42,0.18960000000000002,0.0,1.12,70,0
IPCA,2025-08-29,04/2027,0.3224,0.32,0.059800000000000006,0.18,0.433,35,1
IPCA,2025-08-29,04/2027,0.3573,0.35000000000000003,0.07930000000000001,0.17,0.64,105,0
Câmbio,2025-08-29,04/2027,5.561,5.6,0.24230000000000002,4.8100000000000005,5.88,23,1
Câmbio,2025-08-29,04/2027,5.6213,5.65,0.2349,4.8100000000000005,6.32,87,0
IPCA Livres,2025-08-29,04/2027,0.3311,0.335,0.053,0.24,0.44,12,1
IPCA Livres,2025-08-29,04/2027,0.3538,0.35000000000000003,0.0757,0.17,0.54,68,0
IPCA Serviços,2025-08-29,04/2027,0.27890000000000004,0.2695,0.0724,0.18,0.46,15,1
IPCA Serviços,2025-08-29,04/2027,0.3155,0.30000000000000004,0.09970000000000001,0.04,0.6000000000000001,67,0
IPCA Bens industrializados,2025-08-29,04/2027,0.23320000000000002,0.24880000000000002,0.1131,-0.0386,0.38,14,1
IPCA Bens industrializados,2025-08-29,04/2027,0.26830000000000004,0.275,0.1018,-0.0386,0.56,64,0
IPCA Alimentação no domicílio,2025-08-29,04/2027,0.6041000000000001,0.62,0.19690000000000002,0.24,0.8783000000000001,14,1
IPCA Alimentação no domicílio,2025-08-29,04/2027,0.5301,0.5,0.24,0.2,1.58,66,0
IPCA Administrados,2025-08-29,04/2027,0.3629,0.31,0.18780000000000002,0.13,0.7639,15,1
IPCA Administrados,2025-08-29,04/2027,0.4162,0.39,0.1706,0.11,0.93,70,0
IPCA,2025-08-29,03/2027,0.3412,0.33,0.07690000000000001,0.2,0.52,35,1
IPCA,2025-08-29,03/2027,0.3527,0.34,0.0879,0.1753,0.64,106,0
Câmbio,2025-08-29,03/2027,5.5871,5.6,0.19640000000000002,5.0,5.87,23,1
Câmbio,2025-08-29,03/2027,5.6124,5.65,0.244,4.7,6.3,89,0
IPCA Livres,2025-08-29,03/2027,0.30560000000000004,0.295,0.0876,0.17,0.4248,12,1
IPCA Livres,2025-08-29,03/2027,0.3541,0.35000000000000003,0.0999,0.16,0.64,68,0
IPCA Serviços,2025-08-29,03/2027,0.26180000000000003,0.25,0.1259,0.0523,0.54,15,1
IPCA Serviços,2025-08-29,03/2027,0.2977,0.29,0.1143,0.0523,0.71,67,0
IPCA Bens industrializados,2025-08-29,03/2027,0.209,0.245,0.1452,-0.19090000000000001,0.41000000000000003,14,1
IPCA Bens industrializados,2025-08-29,03/2027,0.2556,0.265,0.0978,-0.19090000000000001,0.42710000000000004,64,0
IPCA Alimentação no domicílio,2025-08-29,03/2027,0.6414000000000001,0.61,0.147,0.44,0.9699000000000001,14,1
IPCA Alimentação no domicílio,2025-08-29,03/2027,0.5901000000000001,0.58,0.2396,0.13,1.4,66,0
IPCA Administrados,2025-08-29,03/2027,0.433,0.41000000000000003,0.24380000000000002,0.2,1.21,15,1
IPCA Administrados,2025-08-29,03/2027,0.3633,0.35000000000000003,0.1655,0.1,1.21,70,0
IGP-M,2025-08-29,02/2027,0.4626,0.4465,0.19290000000000002,0.15,0.7114,10,1
IGP-M,2025-08-29,02/2027,0.4626,0.4465,0.19290000000000002,0.15,0.7114,10,0
IPCA,2025-08-29,02/2027,0.5733,0.555,0.16720000000000002,0.29,1.2685,36,1
IPCA,2025-08-29,02/2027,0.5565,0.56,0.1466,0.2,1.2685,107,0
Câmbio,2025-08-29,02/2027,5.6017,5.603,0.1831,5.0,5.87,23,1
Câmbio,2025-08-29,02/2027,5.621,5.65,0.2283,4.8,6.3,90,0
IPCA Livres,2025-08-29,02/2027,0.5777,0.58,0.1115,0.35000000000000003,0.77,13,1
IPCA Livres,2025-08-29,02/2027,0.5829,0.6000000000000001,0.1379,0.1,0.81,69,0
IPCA Serviços,2025-08-29,02/2027,0.8677,0.915,0.21910000000000002,0.35000000000000003,1.2,16,1
IPCA Serviços,2025-08-29,02/2027,0.8689,0.9475,0.22660000000000002,0.1,1.27,68,0
IPCA Bens industrializados,2025-08-29,02/2027,0.2373,0.2214,0.1063,-0.006500000000000001,0.38,15,1
IPCA Bens industrializados,2025-08-29,02/2027,0.2892,0.29560000000000003,0.1335,-0.01,0.81,65,0
IPCA Alimentação no domicílio,2025-08-29,02/2027,0.40240000000000004,0.34,0.2008,0.09580000000000001,0.76,15,1
IPCA Alimentação no domicílio,2025-08-29,02/2027,0.4414,0.40590000000000004,0.2049,0.0,0.9,67,0
IPCA Administrados,2025-08-29,02/2027,0.4025,0.42,0.1676,0.12,0.84,16,1
IPCA Administrados,2025-08-29,02/2027,0.4077,0.4,0.1658,0.11,0.85,71,0
IGP-M,2025-08-29,01/2027,0.36910000000000004,0.365,0.1052,0.1,0.55,14,1
IGP-M,2025-08-29,01/2027,0.3795,0.36,0.1086,0.1,0.6900000000000001,55,0
IPCA,2025-08-29,01/2027,0.38420000000000004,0.4,0.1279,0.0,0.66,37,1
IPCA,2025-08-29,01/2027,0.3894,0.4,0.1153,0.0,0.6900000000000001,109,0
Câmbio,2025-08-29,01/2027,5.6041,5.601,0.18380000000000002,5.0,5.86,23,1
Câmbio,2025-08-29,01/2027,5.6245,5.64,0.21430000000000002,4.95,6.3,93,0
IPCA Livres,2025-08-29,01/2027,0.46950000000000003,0.44,0.1075,0.31,0.74,13,1
IPCA Livres,2025-08-29,01/2027,0.4415,0.44,0.1199,0.12,0.8,69,0
IPCA Serviços,2025-08-29,01/2027,0.385,0.37,0.0876,0.28,0.5700000000000001,16,1
IPCA Serviços,2025-08-29,01/2027,0.4031,0.385,0.1282,0.15,0.91,68,0
IPCA Bens industrializados,2025-08-29,01/2027,0.2247,0.24,0.1019,-0.018600000000000002,0.40490000000000004,15,1
IPCA Bens industrializados,2025-08-29,01/2027,0.2664,0.26,0.0979,-0.04,0.48,65,0
IPCA Alimentação no domicílio,2025-08-29,01/2027,0.9386,1.02,0.25880000000000003,0.45,1.3433,15,1
IPCA Alimentação no domicílio,2025-08-29,01/2027,0.7732,0.8,0.3042,-0.1,1.3900000000000001,67,0
IPCA Administrados,2025-08-29,01/2027,0.3154,0.325,0.1459,-0.12,0.5,16,1
IPCA Administrados,2025-08-29,01/2027,0.35750000000000004,0.36,0.12810000000000002,-0.12,0.75,71,0
IGP-M,2025-08-29,12/2026,0.4409,0.4141,0.1353,0.2013,0.71,16,1
IGP-M,2025-08-29,12/2026,0.4277,0.39440000000000003,0.1927,-0.03,1.0,64,0
IPCA,2025-08-29,12/2026,0.5197,0.5372,0.10450000000000001,0.23170000000000002,0.8218000000000001,47,1
IPCA,2025-08-29,12/2026,0.5011,0.51,0.1044,0.026600000000000002,0.8218000000000001,136,0
Câmbio,2025-08-29,12/2026,5.6013,5.6,0.1892,5.2,6.0,29,1
Câmbio,2025-08-29,12/2026,5.6372,5.6190999999999995,0.19410000000000002,5.0,6.2,119,0
Taxa de desocupação,2025-08-29,12/2026,6.3904,6.3,0.6695,5.2,7.4,9,1
Taxa de desocupação,2025-08-29,12/2026,6.4416,6.5,0.6941,4.1,7.8,70,0
IPCA Livres,2025-08-29,12/2026,0.6091,0.6266,0.1046,0.3599,0.8064,21,1
IPCA Livres,2025-08-29,12/2026,0.6083000000000001,0.605,0.1414,0.2306,0.9400000000000001,88,0
IPCA Serviços,2025-08-29,12/2026,0.6095,0.62,0.1817,0.1169,0.9014000000000001,21,1
IPCA Serviços,2025-08-29,12/2026,0.6129,0.6000000000000001,0.1778,0.1169,1.1477,86,0
IPCA Bens industrializados,2025-08-29,12/2026,0.34040000000000004,0.3448,0.128,-0.08,0.5504,19,1
IPCA Bens industrializados,2025-08-29,12/2026,0.4242,0.4262,0.1413,-0.08,0.9024000000000001,83,0
IPCA Alimentação no domicílio,2025-08-29,12/2026,0.803,0.8,0.2291,0.22,1.26,19,1
IPCA Alimentação no domicílio,2025-08-29,12/2026,0.8137000000000001,0.85,0.2921,-0.23,1.8029000000000002,83,0
IPCA Administrados,2025-08-29,12/2026,0.25120000000000003,0.25,0.1733,-0.114,0.67,25,1
IPCA Administrados,2025-08-29,12/2026,0.2278,0.24,0.20040000000000002,-0.34,1.1128,90,0
IGP-M,2025-08-29,11/2026,0.42,0.4,0.1952,-0.02,0.75,16,1
IGP-M,2025-08-29,11/2026,0.4635,0.4,0.21680000000000002,-0.02,1.15,64,0
IPCA,2025-08-29,11/2026,0.3239,0.32,0.0888,0.13,0.54,47,1
IPCA,2025-08-29,11/2026,0.3234,0.32,0.09090000000000001,0.05,0.59,136,0
Câmbio,2025-08-29,11/2026,5.6153,5.615,0.1898,5.15,6.0,28,1
Câmbio,2025-08-29,11/2026,5.6394,5.6388,0.20090000000000002,5.0,6.3,110,0
Taxa de desocupação,2025-08-29,11/2026,6.3609,6.4,0.6471,5.1,7.3,9,1
Taxa de desocupação,2025-08-29,11/2026,6.3358,6.4,0.6825,4.6,7.7683,60,0
IPCA Livres,2025-08-29,11/2026,0.3547,0.33,0.09970000000000001,0.2,0.6000000000000001,21,1
IPCA Livres,2025-08-29,11/2026,0.352,0.3417,0.0937,0.16,0.72,88,0
IPCA Serviços,2025-08-29,11/2026,0.38770000000000004,0.37,0.127,0.13,0.77,21,1
IPCA Serviços,2025-08-29,11/2026,0.389,0.37,0.11420000000000001,0.12,0.77,86,0
IPCA Bens industrializados,2025-08-29,11/2026,0.078,0.11,0.1741,-0.4253,0.32,19,1
IPCA Bens industrializados,2025-08-29,11/2026,0.0976,0.12,0.162,-0.4253,0.5455,83,0
IPCA Alimentação no domicílio,2025-08-29,11/2026,0.6889000000000001,0.66,0.2524,0.22,1.28,19,1
IPCA Alimentação no domicílio,2025-08-29,11/2026,0.6169,0.6000000000000001,0.22560000000000002,0.04,1.28,83,0
IPCA Administrados,2025-08-29,11/2026,0.26430000000000003,0.33330000000000004,0.2619,-0.36,0.68,25,1
IPCA Administrados,2025-08-29,11/2026,0.2417,0.29,0.2311,-0.47000000000000003,0.72,91,0
IGP-M,2025-08-29,10/2026,0.4509,0.445,0.1877,0.04,0.8,16,1
IGP-M,2025-08-29,10/2026,0.45020000000000004,0.40590000000000004,0.18080000000000002,0.04,0.9500000000000001,64,0
IPCA,2025-08-29,10/2026,0.359,0.35000000000000003,0.0712,0.24,0.51,47,1
IPCA,2025-08-29,10/2026,0.35960000000000003,0.35000000000000003,0.0722,0.11,0.58,136,0
Câmbio,2025-08-29,10/2026,5.6362,5.62,0.1801,5.2,6.0,28,1
Câmbio,2025-08-29,10/2026,5.6496,5.635,0.2006,5.0,6.25,110,0
Taxa de desocupação,2025-08-29,10/2026,6.4105,6.4,0.6522,5.1,7.4,9,1
Taxa de desocupação,2025-08-29,10/2026,6.3816,6.4,0.6575000000000001,5.1,7.7683,62,0
IPCA Livres,2025-08-29,10/2026,0.4299,0.43,0.0723,0.32,0.6000000000000001,21,1
IPCA Livres,2025-08-29,10/2026,0.4198,0.41000000000000003,0.0873,0.2187,0.67,88,0
IPCA Serviços,2025-08-29,10/2026,0.4038,0.4,0.082,0.25,0.5753,21,1
IPCA Serviços,2025-08-29,10/2026,0.4218,0.42,0.1061,0.19,0.66,86,0
IPCA Bens industrializados,2025-08-29,10/2026,0.28340000000000004,0.2909,0.108,0.0339,0.46,19,1
IPCA Bens industrializados,2025-08-29,10/2026,0.3215,0.32,0.091,0.0339,0.49,83,0
IPCA Alimentação no domicílio,2025-08-29,10/2026,0.5735,0.58,0.1573,0.22,0.84,19,1
IPCA Alimentação no domicílio,2025-08-29,10/2026,0.5485,0.53,0.1784,0.07,0.98,83,0
IPCA Administrados,2025-08-29,10/2026,0.2263,0.25,0.18530000000000002,-0.34,0.45,25,1
IPCA Administrados,2025-08-29,10/2026,0.19840000000000002,0.25,0.2521,-0.84,0.48460000000000003,91,0
IGP-M,2025-08-29,09/2026,0.365,0.38,0.1463,-0.05,0.68,16,1
IGP-M,2025-08-29,09/2026,0.3864,0.385,0.13190000000000002,-0.05,0.75,64,0
IPCA,2025-08-29,09/2026,0.2738,0.26,0.0925,0.09,0.7842,47,1
IPCA,2025-08-29,09/2026,0.2843,0.28,0.0862,0.09,0.7842,136,0
Câmbio,2025-08-29,09/2026,5.6486,5.6572,0.1952,5.1,6.0,28,1
Câmbio,2025-08-29,09/2026,5.6487,5.6396,0.2043,5.0,6.2,110,0
Taxa de desocupação,2025-08-29,09/2026,6.4435,6.5,0.6554,5.1,7.45,9,1
Taxa de desocupação,2025-08-29,09/2026,6.4163,6.4,0.6379,5.1,7.7683,63,0
IPCA Livres,2025-08-29,09/2026,0.2466,0.26,0.0815,0.0634,0.37,21,1
IPCA Livres,2025-08-29,09/2026,0.2637,0.26,0.0775,0.0634,0.45,88,0
IPCA Serviços,2025-08-29,09/2026,0.3879,0.39,0.0993,0.22,0.62,21,1
IPCA Serviços,2025-08-29,09/2026,0.39330000000000004,0.3941,0.09670000000000001,0.12,0.67,86,0
IPCA Bens industrializados,2025-08-29,09/2026,0.13470000000000001,0.17,0.1173,-0.2036,0.29,19,1
IPCA Bens industrializados,2025-08-29,09/2026,0.1854,0.2,0.0927,-0.2036,0.4733,83,0
IPCA Alimentação no domicílio,2025-08-29,09/2026,0.0651,0.14,0.1621,-0.3254,0.2,19,1
IPCA Alimentação no domicílio,2025-08-29,09/2026,0.12250000000000001,0.15,0.2154,-0.5,0.8200000000000001,83,0
IPCA Administrados,2025-08-29,09/2026,0.3074,0.28,0.2516,-0.48,1.01,25,1
IPCA Administrados,2025-08-29,09/2026,0.2968,0.2849,0.2305,-0.48,1.09,91,0
IGP-M,2025-08-29,08/2026,0.1842,0.195,0.1092,-0.03,0.36,16,1
IGP-M,2025-08-29,08/2026,0.2487,0.265,0.1379,-0.21,0.5196000000000001,64,0
IPCA,2025-08-29,08/2026,0.1647,0.17,0.0877,-0.2116,0.35000000000000003,47,1
IPCA,2025-08-29,08/2026,0.1898,0.19,0.1066,-0.33,0.51,136,0
Câmbio,2025-08-29,08/2026,5.6337,5.66,0.2064,5.0,6.0,28,1
Câmbio,2025-08-29,08/2026,5.6358,5.6323,0.1963,5.0,6.11,110,0
Taxa de desocupação,2025-08-29,08/2026,6.4344,6.4,0.6415000000000001,5.3,7.6,9,1
Taxa de desocupação,2025-08-29,08/2026,6.436,6.49,0.5875,5.3,7.7683,63,0
IPCA Livres,2025-08-29,08/2026,0.10940000000000001,0.13,0.081,-0.05,0.23750000000000002,21,1
IPCA Livres,2025-08-29,08/2026,0.15280000000000002,0.15,0.0975,-0.12,0.4546,88,0
IPCA Serviços,2025-08-29,08/2026,0.23750000000000002,0.24,0.0993,0.05,0.41000000000000003,21,1
IPCA Serviços,2025-08-29,08/2026,0.2489,0.25,0.10250000000000001,0.05,0.5145000000000001,86,0
IPCA Bens industrializados,2025-08-29,08/2026,0.1786,0.21,0.1454,-0.36,0.38,19,1
IPCA Bens industrializados,2025-08-29,08/2026,0.2137,0.22,0.1092,-0.36,0.4113,83,0
IPCA Alimentação no domicílio,2025-08-29,08/2026,-0.22410000000000002,-0.18,0.2444,-1.0,0.1,19,1
IPCA Alimentação no domicílio,2025-08-29,08/2026,-0.1129,-0.1,0.27390000000000003,-1.0,0.5022,83,0
IPCA Administrados,2025-08-29,08/2026,0.2434,0.22,0.2417,-0.39,0.91,25,1
IPCA Administrados,2025-08-29,08/2026,0.2908,0.26,0.2525,-0.48,1.47,91,0
IGP-M,2025-08-29,07/2026,0.15810000000000002,0.215,0.19,-0.43,0.36,16,1
IGP-M,2025-08-29,07/2026,0.193,0.22,0.1892,-0.5,0.5564,64,0
IPCA,2025-08-29,07/2026,0.20600000000000002,0.21,0.0823,-0.01,0.49,47,1
IPCA,2025-08-29,07/2026,0.22940000000000002,0.23,0.0881,-0.09,0.49,136,0
Câmbio,2025-08-29,07/2026,5.6192,5.6453,0.1963,5.0,6.0,28,1
Câmbio,2025-08-29,07/2026,5.6241,5.6249,0.1893,5.0,6.1,110,0
Taxa de desocupação,2025-08-29,07/2026,6.4697,6.5,0.6243000000000001,5.3,7.6,9,1
Taxa de desocupação,2025-08-29,07/2026,6.46,6.5,0.5671,5.3,7.7683,63,0
IPCA Livres,2025-08-29,07/2026,0.1577,0.13,0.0998,-0.1,0.42,21,1
IPCA Livres,2025-08-29,07/2026,0.2066,0.2,0.0947,-0.1,0.45370000000000005,88,0
IPCA Serviços,2025-08-29,07/2026,0.4439,0.43,0.12810000000000002,0.26,0.89,21,1
IPCA Serviços,2025-08-29,07/2026,0.44970000000000004,0.43610000000000004,0.12430000000000001,0.15,0.89,86,0
IPCA Bens industrializados,2025-08-29,07/2026,0.0442,0.05,0.1018,-0.1691,0.241,19,1
IPCA Bens industrializados,2025-08-29,07/2026,0.0873,0.08,0.12290000000000001,-0.18,0.43,83,0
IPCA Alimentação no domicílio,2025-08-29,07/2026,-0.2081,-0.184,0.2066,-0.72,0.15,19,1
IPCA Alimentação no domicílio,2025-08-29,07/2026,-0.11280000000000001,-0.1,0.2942,-0.93,0.7266,83,0
IPCA Administrados,2025-08-29,07/2026,0.3302,0.32,0.16970000000000002,-0.13,0.6900000000000001,25,1
IPCA Administrados,2025-08-29,07/2026,0.3629,0.34,0.2104,-0.34,1.05,91,0
IGP-M,2025-08-29,06/2026,0.27140000000000003,0.28500000000000003,0.2059,-0.05,0.77,16,1
IGP-M,2025-08-29,06/2026,0.256,0.28,0.1958,-0.25,0.77,64,0
IPCA,2025-08-29,06/2026,0.2192,0.22,0.0868,-0.03,0.5,47,1
IPCA,2025-08-29,06/2026,0.24710000000000001,0.24630000000000002,0.08020000000000001,-0.03,0.5,137,0
Câmbio,2025-08-29,06/2026,5.606,5.6325,0.1905,5.0,6.0,28,1
Câmbio,2025-08-29,06/2026,5.6177,5.6,0.1796,5.0,6.15,110,0
Taxa de desocupação,2025-08-29,06/2026,6.4382,6.5934,0.5885,5.3,7.45,9,1
Taxa de desocupação,2025-08-29,06/2026,6.4415,6.5,0.5564,5.2,7.7683,64,0
IPCA Livres,2025-08-29,06/2026,0.17880000000000001,0.17,0.10060000000000001,-0.11,0.46,21,1
IPCA Livres,2025-08-29,06/2026,0.22290000000000001,0.215,0.088,-0.11,0.46,88,0
IPCA Serviços,2025-08-29,06/2026,0.36960000000000004,0.37,0.059300000000000005,0.25,0.49,21,1
IPCA Serviços,2025-08-29,06/2026,0.36610000000000004,0.37,0.09140000000000001,0.1,0.62,86,0
IPCA Bens industrializados,2025-08-29,06/2026,0.07730000000000001,0.11,0.13340000000000002,-0.2713,0.27,19,1
IPCA Bens industrializados,2025-08-29,06/2026,0.12350000000000001,0.14,0.1114,-0.2713,0.4184,83,0
IPCA Alimentação no domicílio,2025-08-29,06/2026,-0.07740000000000001,-0.09230000000000001,0.2039,-0.43,0.29,19,1
IPCA Alimentação no domicílio,2025-08-29,06/2026,0.0627,0.0956,0.2247,-0.5,0.7061000000000001,83,0
IPCA Administrados,2025-08-29,06/2026,0.2833,0.27,0.1468,-0.06,0.62,25,1
IPCA Administrados,2025-08-29,06/2026,0.331,0.30000000000000004,0.1864,-0.06,0.99,91,0
IGP-M,2025-08-29,05/2026,0.25980000000000003,0.3079,0.14350000000000002,-0.01,0.49,16,1
IGP-M,2025-08-29,05/2026,0.2305,0.29,0.17070000000000002,-0.25,0.5799000000000001,64,0
IPCA,2025-08-29,05/2026,0.2867,0.28,0.06620000000000001,0.15,0.48,47,1
IPCA,2025-08-29,05/2026,0.28500000000000003,0.29,0.068,0.1,0.48,137,0
Câmbio,2025-08-29,05/2026,5.5937,5.605,0.1847,5.0,6.0,28,1
Câmbio,2025-08-29,05/2026,5.6105,5.6,0.1646,5.0,6.08,110,0
Taxa de desocupação,2025-08-29,05/2026,6.4412,6.5,0.5064000000000001,5.7,7.5,9,1
Taxa de desocupação,2025-08-29,05/2026,6.523,6.5,0.5019,5.3,7.7683,64,0
IPCA Livres,2025-08-29,05/2026,0.1958,0.19,0.053200000000000004,0.11,0.36,21,1
IPCA Livres,2025-08-29,05/2026,0.2069,0.2,0.0869,-0.03,0.5095000000000001,88,0
IPCA Serviços,2025-08-29,05/2026,0.1759,0.17930000000000001,0.1038,-0.02,0.46,21,1
IPCA Serviços,2025-08-29,05/2026,0.1752,0.18,0.1206,-0.18,0.46,86,0
IPCA Bens industrializados,2025-08-29,05/2026,0.2503,0.27,0.0955,-0.04,0.38,19,1
IPCA Bens industrializados,2025-08-29,05/2026,0.26530000000000004,0.29,0.1032,-0.04,0.5301,83,0
IPCA Alimentação no domicílio,2025-08-29,05/2026,0.20600000000000002,0.2,0.114,0.02,0.51,19,1
IPCA Alimentação no domicílio,2025-08-29,05/2026,0.22210000000000002,0.2,0.1638,-0.08,0.9383,83,0
IPCA Administrados,2025-08-29,05/2026,0.5496,0.46,0.21960000000000002,0.26,1.19,25,1
IPCA Administrados,2025-08-29,05/2026,0.48850000000000005,0.44,0.1965,0.06,1.19,91,0
IGP-M,2025-08-29,04/2026,0.3173,0.305,0.09390000000000001,0.1287,0.5700000000000001,16,1
IGP-M,2025-08-29,04/2026,0.3211,0.305,0.1369,-0.21,0.7000000000000001,64,0
IPCA,2025-08-29,04/2026,0.38570000000000004,0.38,0.0821,0.25,0.7000000000000001,47,1
IPCA,2025-08-29,04/2026,0.39440000000000003,0.39,0.06910000000000001,0.25,0.7000000000000001,137,0
Câmbio,2025-08-29,04/2026,5.5883,5.605,0.1706,5.1,6.0,28,1
Câmbio,2025-08-29,04/2026,5.6087,5.6,0.15610000000000002,5.1,6.07,110,0
Taxa de desocupação,2025-08-29,04/2026,6.5164,6.6,0.4358,6.0,7.4,9,1
Taxa de desocupação,2025-08-29,04/2026,6.6368,6.6,0.4802,5.4,7.9,64,0
IPCA Livres,2025-08-29,04/2026,0.3753,0.38,0.0702,0.2,0.48,21,1
IPCA Livres,2025-08-29,04/2026,0.38230000000000003,0.39,0.0767,0.17,0.62,88,0
IPCA Serviços,2025-08-29,04/2026,0.30910000000000004,0.30000000000000004,0.0755,0.2,0.48040000000000005,21,1
IPCA Serviços,2025-08-29,04/2026,0.33940000000000003,0.35000000000000003,0.1017,-0.01,0.5700000000000001,86,0
IPCA Bens industrializados,2025-08-29,04/2026,0.2536,0.27,0.0978,0.039,0.42,19,1
IPCA Bens industrializados,2025-08-29,04/2026,0.2752,0.28,0.0969,0.039,0.54,83,0
IPCA Alimentação no domicílio,2025-08-29,04/2026,0.663,0.66,0.227,0.22,1.3429,19,1
IPCA Alimentação no domicílio,2025-08-29,04/2026,0.6154000000000001,0.6000000000000001,0.23800000000000002,0.082,1.37,83,0
IPCA Administrados,2025-08-29,04/2026,0.4304,0.45,0.16290000000000002,0.12,0.7775000000000001,25,1
IPCA Administrados,2025-08-29,04/2026,0.44670000000000004,0.4596,0.1477,0.12,0.84,91,0
IGP-M,2025-08-29,03/2026,0.38320000000000004,0.4,0.19340000000000002,0.04,0.9500000000000001,16,1
IGP-M,2025-08-29,03/2026,0.3874,0.4,0.1486,0.04,0.9500000000000001,64,0
IPCA,2025-08-29,03/2026,0.399,0.39,0.10010000000000001,0.21,0.7000000000000001,47,1
IPCA,2025-08-29,03/2026,0.3808,0.37,0.0854,0.15,0.7000000000000001,137,0
Câmbio,2025-08-29,03/2026,5.58,5.6,0.1569,5.2,6.0,28,1
Câmbio,2025-08-29,03/2026,5.5986,5.6,0.1406,5.2,6.05,110,0
Taxa de desocupação,2025-08-29,03/2026,6.5632,6.6,0.44220000000000004,6.0,7.5,9,1
Taxa de desocupação,2025-08-29,03/2026,6.7462,6.75,0.4833,5.7,7.8707,64,0
IPCA Livres,2025-08-29,03/2026,0.37670000000000003,0.38,0.10930000000000001,0.17,0.66,21,1
IPCA Livres,2025-08-29,03/2026,0.37920000000000004,0.37,0.0947,0.17,0.6900000000000001,88,0
IPCA Serviços,2025-08-29,03/2026,0.31010000000000004,0.2902,0.1106,0.11,0.6000000000000001,21,1
IPCA Serviços,2025-08-29,03/2026,0.3109,0.30000000000000004,0.0989,0.09,0.6000000000000001,86,0
IPCA Bens industrializados,2025-08-29,03/2026,0.2427,0.25,0.0989,0.05,0.44,19,1
IPCA Bens industrializados,2025-08-29,03/2026,0.25830000000000003,0.27040000000000003,0.0912,0.05,0.4591,83,0
IPCA Alimentação no domicílio,2025-08-29,03/2026,0.7316,0.66,0.1698,0.52,1.1429,19,1
IPCA Alimentação no domicílio,2025-08-29,03/2026,0.6995,0.7000000000000001,0.2536,-0.12,1.4100000000000001,83,0
IPCA Administrados,2025-08-29,03/2026,0.4314,0.327,0.3059,0.18,1.55,25,1
IPCA Administrados,2025-08-29,03/2026,0.3713,0.32,0.2272,0.08,1.55,91,0
IGP-M,2025-08-29,02/2026,0.3089,0.315,0.1731,0.047400000000000005,0.6000000000000001,16,1
IGP-M,2025-08-29,02/2026,0.36160000000000003,0.37,0.1752,0.047400000000000005,0.7000000000000001,64,0
IPCA,2025-08-29,02/2026,0.6271,0.6000000000000001,0.1448,0.37,1.2527,47,1
IPCA,2025-08-29,02/2026,0.6065,0.6000000000000001,0.1198,0.35000000000000003,1.2527,137,0
Câmbio,2025-08-29,02/2026,5.5692,5.5600000000000005,0.1517,5.3,6.0,28,1
Câmbio,2025-08-29,02/2026,5.5884,5.5985,0.1353,5.3,6.02,110,0
Taxa de desocupação,2025-08-29,02/2026,6.3612,6.3,0.3447,6.0,7.0,9,1
Taxa de desocupação,2025-08-29,02/2026,6.5331,6.57,0.4429,5.5,7.8324,64,0
IPCA Livres,2025-08-29,02/2026,0.6714,0.68,0.12390000000000001,0.37,0.9,21,1
IPCA Livres,2025-08-29,02/2026,0.6536000000000001,0.66,0.1165,0.31,1.0,88,0
IPCA Serviços,2025-08-29,02/2026,1.0346,1.06,0.1583,0.6000000000000001,1.37,21,1
IPCA Serviços,2025-08-29,02/2026,0.9954000000000001,1.0113,0.1802,0.35000000000000003,1.37,86,0
IPCA Bens industrializados,2025-08-29,02/2026,0.2434,0.24,0.09860000000000001,0.05,0.39,19,1
IPCA Bens industrializados,2025-08-29,02/2026,0.26680000000000004,0.26,0.09430000000000001,-0.01,0.6000000000000001,83,0
IPCA Alimentação no domicílio,2025-08-29,02/2026,0.47050000000000003,0.35000000000000003,0.30160000000000003,0.06,1.1400000000000001,19,1
IPCA Alimentação no domicílio,2025-08-29,02/2026,0.45520000000000005,0.42,0.2267,-0.04,1.2,83,0
IPCA Administrados,2025-08-29,02/2026,0.41600000000000004,0.4,0.16640000000000002,0.14,0.88,25,1
IPCA Administrados,2025-08-29,02/2026,0.3771,0.35000000000000003,0.1626,0.12,0.88,91,0
IGP-M,2025-08-29,01/2026,0.42050000000000004,0.4179,0.11860000000000001,0.17,0.63,16,1
IGP-M,2025-08-29,01/2026,0.43820000000000003,0.4,0.1763,0.14,1.0,64,0
IPCA,2025-08-29,01/2026,0.4222,0.42,0.1024,0.0737,0.65,47,1
IPCA,2025-08-29,01/2026,0.4348,0.43670000000000003,0.0998,0.0737,0.8300000000000001,137,0
Câmbio,2025-08-29,01/2026,5.5606,5.54,0.145,5.311,6.0,28,1
Câmbio,2025-08-29,01/2026,5.5776,5.5761,0.12890000000000001,5.3,6.0,110,0
Taxa de desocupação,2025-08-29,01/2026,6.0389,6.3,0.492,5.0,6.5,9,1
Taxa de desocupação,2025-08-29,01/2026,6.2282,6.2249,0.4466,5.0,7.3564,64,0
IPCA Livres,2025-08-29,01/2026,0.488,0.4827,0.0862,0.34,0.75,21,1
IPCA Livres,2025-08-29,01/2026,0.4848,0.48140000000000005,0.11510000000000001,0.19,0.9500000000000001,88,0
IPCA Serviços,2025-08-29,01/2026,0.4141,0.42,0.1212,0.091,0.6000000000000001,21,1
IPCA Serviços,2025-08-29,01/2026,0.4253,0.42,0.1486,0.07,0.76,86,0
IPCA Bens industrializados,2025-08-29,01/2026,0.2466,0.2533,0.088,0.05,0.41000000000000003,19,1
IPCA Bens industrializados,2025-08-29,01/2026,0.2591,0.27,0.1028,-0.13,0.55,83,0
IPCA Alimentação no domicílio,2025-08-29,01/2026,1.0089,1.06,0.20520000000000002,0.58,1.3958,19,1
IPCA Alimentação no domicílio,2025-08-29,01/2026,0.9433,0.9500000000000001,0.3049,0.22,2.2,83,0
IPCA Administrados,2025-08-29,01/2026,0.30770000000000003,0.32,0.15480000000000002,-0.19,0.55,25,1
IPCA Administrados,2025-08-29,01/2026,0.3145,0.33,0.14830000000000002,-0.19,0.56,91,0
IGP-M,2025-08-29,12/2025,0.5892000000000001,0.601,0.1584,0.2551,0.8,16,1
IGP-M,2025-08-29,12/2025,0.6118,0.61,0.25930000000000003,0.0634,1.92,69,0
IPCA,2025-08-29,12/2025,0.508,0.5019,0.0902,0.2696,0.8,48,1
IPCA,2025-08-29,12/2025,0.4989,0.5,0.0838,0.23,0.8,143,0
Câmbio,2025-08-29,12/2025,5.5499,5.5,0.1484,5.3,6.0,29,1
Câmbio,2025-08-29,12/2025,5.5685,5.5575,0.1163,5.3,6.0,123,0
Taxa de desocupação,2025-08-29,12/2025,5.9556000000000004,6.0,0.3685,5.4,6.5,9,1
Taxa de desocupação,2025-08-29,12/2025,5.9409,6.0,0.4622,4.8,7.2,72,0
IPCA Livres,2025-08-29,12/2025,0.7248,0.74,0.0775,0.5700000000000001,0.87,23,1
IPCA Livres,2025-08-29,12/2025,0.6752,0.68,0.1226,0.2619,1.0564,93,0
IPCA Serviços,2025-08-29,12/2025,0.6781,0.7000000000000001,0.11800000000000001,0.45,0.8819,23,1
IPCA Serviços,2025-08-29,12/2025,0.6576000000000001,0.65,0.212,-0.7254,1.3705,92,0
IPCA Bens industrializados,2025-08-29,12/2025,0.4726,0.46,0.1129,0.28,0.7935,21,1
IPCA Bens industrializados,2025-08-29,12/2025,0.4555,0.46,0.1539,0.015700000000000002,1.4056,89,0
IPCA Alimentação no domicílio,2025-08-29,12/2025,1.0843,1.11,0.322,0.12,1.5826,22,1
IPCA Alimentação no domicílio,2025-08-29,12/2025,0.9907,1.015,0.3739,-0.43160000000000004,1.7821,90,0
IPCA Administrados,2025-08-29,12/2025,-0.0014,-0.0591,0.1686,-0.29,0.39,26,1
IPCA Administrados,2025-08-29,12/2025,-0.008400000000000001,-0.0645,0.1975,-0.4047,0.81,96,0
IGP-M,2025-08-29,11/2025,0.7225,0.735,0.22130000000000002,0.19,1.0485,16,1
IGP-M,2025-08-29,11/2025,0.6589,0.65,0.24810000000000001,0.11,1.0485,69,0
IPCA,2025-08-29,11/2025,0.2546,0.252,0.0843,0.1,0.65,48,1
IPCA,2025-08-29,11/2025,0.2717,0.26,0.08940000000000001,0.0668,0.65,143,0
Câmbio,2025-08-29,11/2025,5.5253,5.5,0.14070000000000002,5.3,6.0,28,1
Câmbio,2025-08-29,11/2025,5.5449,5.52,0.1086,5.3,6.0,115,0
Taxa de desocupação,2025-08-29,11/2025,5.8767,5.96,0.34890000000000004,5.4,6.4,9,1
Taxa de desocupação,2025-08-29,11/2025,5.851,5.89,0.43060000000000004,4.8,7.2,67,0
IPCA Livres,2025-08-29,11/2025,0.3931,0.39,0.0974,0.18,0.58,23,1
IPCA Livres,2025-08-29,11/2025,0.4046,0.41000000000000003,0.1008,0.09,0.71,93,0
IPCA Serviços,2025-08-29,11/2025,0.4549,0.44,0.1316,0.22,0.77,23,1
IPCA Serviços,2025-08-29,11/2025,0.4665,0.455,0.114,0.12,0.77,92,0
IPCA Bens industrializados,2025-08-29,11/2025,-0.009600000000000001,-0.03,0.19640000000000002,-0.326,0.52,21,1
IPCA Bens industrializados,2025-08-29,11/2025,0.0325,0.02,0.15560000000000002,-0.326,0.52,89,0
IPCA Alimentação no domicílio,2025-08-29,11/2025,0.7872,0.885,0.3558,-0.43,1.28,22,1
IPCA Alimentação no domicílio,2025-08-29,11/2025,0.7682,0.8,0.2756,-0.43,1.4,90,0
IPCA Administrados,2025-08-29,11/2025,-0.2059,-0.2642,0.1724,-0.38,0.30000000000000004,26,1
IPCA Administrados,2025-08-29,11/2025,-0.1404,-0.23,0.24880000000000002,-0.8227,0.53,96,0
IGP-M,2025-08-29,10/2025,0.6078,0.645,0.1159,0.30000000000000004,0.76,16,1
IGP-M,2025-08-29,10/2025,0.6134000000000001,0.65,0.2119,0.11,1.1400000000000001,69,0
IPCA,2025-08-29,10/2025,0.3089,0.31,0.0869,0.08,0.55,49,1
IPCA,2025-08-29,10/2025,0.32220000000000004,0.33,0.0829,0.08,0.55,144,0
Câmbio,2025-08-29,10/2025,5.5066,5.48,0.13820000000000002,5.2,6.0,28,1
Câmbio,2025-08-29,10/2025,5.5222999999999995,5.5,0.1081,5.2,6.0,115,0
Taxa de desocupação,2025-08-29,10/2025,5.8948,5.9,0.3655,5.4,6.6,9,1
Taxa de desocupação,2025-08-29,10/2025,5.8471,5.9,0.41550000000000004,4.7,7.2,67,0
IPCA Livres,2025-08-29,10/2025,0.497,0.505,0.0582,0.39,0.61,24,1
IPCA Livres,2025-08-29,10/2025,0.47790000000000005,0.48,0.0801,0.26,0.6900000000000001,94,0
IPCA Serviços,2025-08-29,10/2025,0.49810000000000004,0.485,0.07350000000000001,0.38,0.6900000000000001,24,1
IPCA Serviços,2025-08-29,10/2025,0.48750000000000004,0.47000000000000003,0.1119,0.16,0.86,93,0
IPCA Bens industrializados,2025-08-29,10/2025,0.3287,0.32,0.0847,0.13,0.48,22,1
IPCA Bens industrializados,2025-08-29,10/2025,0.3265,0.34,0.093,0.0,0.5,90,0
IPCA Alimentação no domicílio,2025-08-29,10/2025,0.6261,0.64,0.17200000000000001,0.29,0.8949,23,1
IPCA Alimentação no domicílio,2025-08-29,10/2025,0.6524,0.645,0.1904,0.2,1.1,91,0
IPCA Administrados,2025-08-29,10/2025,-0.188,-0.25,0.3804,-1.12,0.39,27,1
IPCA Administrados,2025-08-29,10/2025,-0.1661,-0.28,0.3355,-1.12,0.4,97,0
IGP-M,2025-08-29,09/2025,0.5451,0.529,0.13770000000000002,0.29810000000000003,0.77,16,1
IGP-M,2025-08-29,09/2025,0.5343,0.5224,0.16840000000000002,0.1,0.89,70,0
IPCA,2025-08-29,09/2025,0.5978,0.59,0.1253,0.27,0.8564,49,1
IPCA,2025-08-29,09/2025,0.5863,0.58,0.1592,0.21,1.6,145,0
Câmbio,2025-08-29,09/2025,5.4895,5.4553,0.0911,5.3,5.75,28,1
Câmbio,2025-08-29,09/2025,5.5033,5.5,0.08410000000000001,5.3,5.75,115,0
Taxa de desocupação,2025-08-29,09/2025,5.908,5.9,0.35760000000000003,5.4,6.6,9,1
Taxa de desocupação,2025-08-29,09/2025,5.8556,5.8491,0.3743,4.9,7.1,67,0
IPCA Livres,2025-08-29,09/2025,0.2199,0.22,0.0918,0.08,0.41000000000000003,24,1
IPCA Livres,2025-08-29,09/2025,0.2461,0.24,0.0878,0.08,0.42,94,0
IPCA Serviços,2025-08-29,09/2025,0.3559,0.35000000000000003,0.0954,0.18,0.64,24,1
IPCA Serviços,2025-08-29,09/2025,0.36660000000000004,0.35760000000000003,0.11130000000000001,0.14,0.71,93,0
IPCA Bens industrializados,2025-08-29,09/2025,0.1466,0.15,0.12840000000000001,-0.3028,0.3039,22,1
IPCA Bens industrializados,2025-08-29,09/2025,0.1895,0.21,0.09970000000000001,-0.3028,0.35000000000000003,90,0
IPCA Alimentação no domicílio,2025-08-29,09/2025,0.017400000000000002,0.031200000000000002,0.24810000000000001,-0.36,0.5700000000000001,23,1
IPCA Alimentação no domicílio,2025-08-29,09/2025,0.09190000000000001,0.11,0.2076,-0.36,0.5700000000000001,91,0
IPCA Administrados,2025-08-29,09/2025,1.4901,1.55,0.4983,0.21,2.03,27,1
IPCA Administrados,2025-08-29,09/2025,1.5305,1.6400000000000001,0.5216000000000001,0.1,2.25,97,0
IPCA,2025-08-29,08/2025,-0.1423,-0.14,0.050100000000000006,-0.28,0.06,49,1
IPCA,2025-08-29,08/2025,-0.12860000000000002,-0.15,0.0989,-0.28,0.4,145,0
Taxa de desocupação,2025-08-29,08/2025,5.9167000000000005,5.9,0.3266,5.5,6.6,9,1
Taxa de desocupação,2025-08-29,08/2025,5.8794,5.9,0.3264,5.2,7.1,67,0
IPCA Livres,2025-08-29,08/2025,0.0458,0.03,0.0711,-0.05,0.311,24,1
IPCA Livres,2025-08-29,08/2025,0.042,0.02,0.10160000000000001,-0.15,0.35000000000000003,94,0
IPCA Serviços,2025-08-29,08/2025,0.38580000000000003,0.39,0.0847,0.16,0.5135000000000001,24,1
IPCA Serviços,2025-08-29,08/2025,0.3003,0.30000000000000004,0.1143,-0.05,0.6159,93,0
IPCA Bens industrializados,2025-08-29,08/2025,0.0442,0.06,0.1032,-0.13,0.2672,22,1
IPCA Bens industrializados,2025-08-29,08/2025,0.0678,0.065,0.1241,-0.23,0.48,90,0
IPCA Alimentação no domicílio,2025-08-29,08/2025,-0.8182,-0.88,0.22010000000000002,-1.08,-0.2979,23,1
IPCA Alimentação no domicílio,2025-08-29,08/2025,-0.584,-0.63,0.2873,-1.08,0.30000000000000004,91,0
IPCA Administrados,2025-08-29,08/2025,-0.7079000000000001,-0.6702,0.1389,-1.29,-0.5143,27,1
IPCA Administrados,2025-08-29,08/2025,-0.651,-0.68,0.248,-1.3,0.4,97,0
Taxa de desocupação,2025-08-29,07/2025,5.9178,5.9,0.2994,5.6,6.6,9,1
Taxa de desocupação,2025-08-29,07/2025,5.88,5.8,0.2989,5.5,7.1,67,0
IPCA,2025-08-28,08/2027,0.1652,0.16,0.11850000000000001,-0.25,0.53,71,1
IPCA,2025-08-28,08/2027,0.17500000000000002,0.18,0.11510000000000001,-0.25,0.53,87,0
IPCA Livres,2025-08-28,08/2027,0.1376,0.14930000000000002,0.0947,-0.1573,0.35000000000000003,48,1
IPCA Livres,2025-08-28,08/2027,0.1438,0.17,0.1018,-0.1573,0.4,57,0
IPCA Serviços,2025-08-28,08/2027,0.22660000000000002,0.225,0.1303,0.05,0.8,46,1
IPCA Serviços,2025-08-28,08/2027,0.2288,0.24,0.12480000000000001,0.04,0.8,55,0
IPCA Bens industrializados,2025-08-28,08/2027,0.2074,0.21,0.0944,-0.13970000000000002,0.39,46,1
IPCA Bens industrializados,2025-08-28,08/2027,0.209,0.215,0.0951,-0.13970000000000002,0.39,54,0
IPCA Alimentação no domicílio,2025-08-28,08/2027,-0.12890000000000001,-0.14,0.33690000000000003,-0.9500000000000001,0.554,47,1
IPCA Alimentação no domicílio,2025-08-28,08/2027,-0.09140000000000001,-0.04,0.3325,-0.9500000000000001,0.554,55,0
IPCA Administrados,2025-08-28,08/2027,0.2538,0.26,0.20670000000000002,-0.5700000000000001,1.0,51,1
IPCA Administrados,2025-08-28,08/2027,0.2469,0.24830000000000002,0.195,-0.5700000000000001,1.0,60,0
IPCA,2025-08-28,07/2027,0.221,0.2019,0.1046,-0.07,0.52,77,1
IPCA,2025-08-28,07/2027,0.2202,0.21,0.0999,-0.07,0.52,100,0
Câmbio,2025-08-28,07/2027,5.616,5.6,0.2291,5.0,6.55,52,1
Câmbio,2025-08-28,07/2027,5.6152,5.6,0.22010000000000002,5.0,6.55,76,0
IPCA Livres,2025-08-28,07/2027,0.22540000000000002,0.2,0.13040000000000002,-0.0167,0.7000000000000001,53,1
IPCA Livres,2025-08-28,07/2027,0.21930000000000002,0.2,0.12250000000000001,-0.0167,0.7000000000000001,67,0
IPCA Serviços,2025-08-28,07/2027,0.4277,0.41000000000000003,0.1587,0.0,0.89,52,1
IPCA Serviços,2025-08-28,07/2027,0.41400000000000003,0.4,0.152,0.0,0.89,66,0
IPCA Bens industrializados,2025-08-28,07/2027,0.11120000000000001,0.11,0.1296,-0.24810000000000001,0.5,51,1
IPCA Bens industrializados,2025-08-28,07/2027,0.11620000000000001,0.1047,0.1232,-0.24810000000000001,0.5,64,0
IPCA Alimentação no domicílio,2025-08-28,07/2027,-0.0454,-0.07,0.3282,-0.868,1.02,51,1
IPCA Alimentação no domicílio,2025-08-28,07/2027,-0.0199,0.0,0.30610000000000004,-0.868,1.02,65,0
IPCA Administrados,2025-08-28,07/2027,0.3194,0.30000000000000004,0.21880000000000002,-0.6000000000000001,0.85,55,1
IPCA Administrados,2025-08-28,07/2027,0.3224,0.305,0.20120000000000002,-0.6000000000000001,0.85,68,0
IPCA,2025-08-28,06/2027,0.23290000000000002,0.21,0.0998,0.0,0.49,78,1
IPCA,2025-08-28,06/2027,0.2316,0.21,0.0921,0.0,0.49,103,0
Câmbio,2025-08-28,06/2027,5.6056,5.605,0.24960000000000002,4.8100000000000005,6.47,56,1
Câmbio,2025-08-28,06/2027,5.6142,5.61,0.23970000000000002,4.8100000000000005,6.47,83,0
IPCA Livres,2025-08-28,06/2027,0.2361,0.22,0.11750000000000001,-0.0507,0.51,53,1
IPCA Livres,2025-08-28,06/2027,0.2306,0.22,0.11130000000000001,-0.0507,0.51,67,0
IPCA Serviços,2025-08-28,06/2027,0.3546,0.34500000000000003,0.1008,0.13,0.65,52,1
IPCA Serviços,2025-08-28,06/2027,0.34390000000000004,0.34,0.0985,0.1,0.65,66,0
IPCA Bens industrializados,2025-08-28,06/2027,0.1468,0.15,0.1403,-0.4929,0.4219,51,1
IPCA Bens industrializados,2025-08-28,06/2027,0.15,0.15,0.1311,-0.4929,0.4219,64,0
IPCA Alimentação no domicílio,2025-08-28,06/2027,0.1053,0.06,0.28600000000000003,-0.46,0.9500000000000001,51,1
IPCA Alimentação no domicílio,2025-08-28,06/2027,0.11380000000000001,0.1,0.2621,-0.46,0.9500000000000001,65,0
IPCA Administrados,2025-08-28,06/2027,0.3059,0.28,0.20620000000000002,-0.04,1.08,56,1
IPCA Administrados,2025-08-28,06/2027,0.2995,0.2861,0.1899,-0.04,1.08,69,0
IPCA,2025-08-28,05/2027,0.262,0.27,0.08020000000000001,0.04,0.5,79,1
IPCA,2025-08-28,05/2027,0.2692,0.28,0.07680000000000001,0.04,0.5,104,0
Câmbio,2025-08-28,05/2027,5.6052,5.6,0.2253,5.0,6.39,57,1
Câmbio,2025-08-28,05/2027,5.6164000000000005,5.63,0.2263,5.0,6.39,85,0
IPCA Livres,2025-08-28,05/2027,0.2106,0.2,0.1259,-0.04,0.61,54,1
IPCA Livres,2025-08-28,05/2027,0.212,0.2,0.1173,-0.04,0.61,68,0
IPCA Serviços,2025-08-28,05/2027,0.18050000000000002,0.18,0.1521,-0.13,0.65,53,1
IPCA Serviços,2025-08-28,05/2027,0.18560000000000001,0.1844,0.1391,-0.13,0.65,67,0
IPCA Bens industrializados,2025-08-28,05/2027,0.2585,0.29,0.12150000000000001,-0.1565,0.53,51,1
IPCA Bens industrializados,2025-08-28,05/2027,0.26380000000000003,0.28,0.11080000000000001,-0.1565,0.53,64,0
IPCA Alimentação no domicílio,2025-08-28,05/2027,0.2078,0.195,0.2185,-0.4,0.89,52,1
IPCA Alimentação no domicílio,2025-08-28,05/2027,0.2177,0.2,0.2039,-0.4,0.89,66,0
IPCA Administrados,2025-08-28,05/2027,0.44720000000000004,0.42,0.2003,0.0,1.12,56,1
IPCA Administrados,2025-08-28,05/2027,0.4501,0.42,0.19,0.0,1.12,70,0
IPCA,2025-08-28,04/2027,0.35550000000000004,0.35000000000000003,0.0815,0.17,0.64,80,1
IPCA,2025-08-28,04/2027,0.3577,0.35000000000000003,0.0789,0.17,0.64,105,0
Câmbio,2025-08-28,04/2027,5.6089,5.6462,0.2359,4.8100000000000005,6.32,58,1
Câmbio,2025-08-28,04/2027,5.6221,5.65,0.23600000000000002,4.8100000000000005,6.32,86,0
IPCA Livres,2025-08-28,04/2027,0.3582,0.35000000000000003,0.0775,0.2194,0.54,54,1
IPCA Livres,2025-08-28,04/2027,0.354,0.35000000000000003,0.0757,0.17,0.54,68,0
IPCA Serviços,2025-08-28,04/2027,0.32220000000000004,0.32,0.1086,0.04,0.6000000000000001,53,1
IPCA Serviços,2025-08-28,04/2027,0.3159,0.30000000000000004,0.09960000000000001,0.04,0.6000000000000001,67,0
IPCA Bens industrializados,2025-08-28,04/2027,0.2667,0.27,0.112,-0.0386,0.56,51,1
IPCA Bens industrializados,2025-08-28,04/2027,0.2685,0.27,0.1014,-0.0386,0.56,64,0
IPCA Alimentação no domicílio,2025-08-28,04/2027,0.544,0.5,0.2485,0.2,1.58,52,1
IPCA Alimentação no domicílio,2025-08-28,04/2027,0.5306000000000001,0.5,0.24070000000000003,0.2,1.58,66,0
IPCA Administrados,2025-08-28,04/2027,0.4218,0.39,0.1752,0.11,0.93,56,1
IPCA Administrados,2025-08-28,04/2027,0.4164,0.39,0.1705,0.11,0.93,70,0
IPCA,2025-08-28,03/2027,0.3541,0.34,0.0859,0.1753,0.6000000000000001,81,1
IPCA,2025-08-28,03/2027,0.3531,0.34,0.08850000000000001,0.1753,0.64,106,0
Câmbio,2025-08-28,03/2027,5.6156,5.6474,0.20720000000000002,5.0,6.24,58,1
Câmbio,2025-08-28,03/2027,5.6131,5.65,0.2451,4.7,6.3,88,0
IPCA Livres,2025-08-28,03/2027,0.357,0.35000000000000003,0.0974,0.17,0.63,54,1
IPCA Livres,2025-08-28,03/2027,0.3543,0.35000000000000003,0.0999,0.16,0.64,68,0
IPCA Serviços,2025-08-28,03/2027,0.3019,0.29,0.1211,0.06,0.71,53,1
IPCA Serviços,2025-08-28,03/2027,0.2982,0.29,0.11420000000000001,0.0523,0.71,67,0
IPCA Bens industrializados,2025-08-28,03/2027,0.2538,0.25,0.10590000000000001,-0.19090000000000001,0.42710000000000004,51,1
IPCA Bens industrializados,2025-08-28,03/2027,0.2558,0.26330000000000003,0.0975,-0.19090000000000001,0.42710000000000004,64,0
IPCA Alimentação no domicílio,2025-08-28,03/2027,0.6157,0.5856,0.24180000000000001,0.13,1.4,52,1
IPCA Alimentação no domicílio,2025-08-28,03/2027,0.5901000000000001,0.58,0.2401,0.13,1.4,66,0
IPCA Administrados,2025-08-28,03/2027,0.353,0.335,0.16440000000000002,0.1,1.21,56,1
IPCA Administrados,2025-08-28,03/2027,0.3628,0.35000000000000003,0.165,0.1,1.21,70,0
IGP-M,2025-08-28,02/2027,0.15,0.15,0.0,0.15,0.15,1,1
IGP-M,2025-08-28,02/2027,0.15,0.15,0.0,0.15,0.15,1,0
IPCA,2025-08-28,02/2027,0.5677,0.56,0.15230000000000002,0.28,1.2883,82,1
IPCA,2025-08-28,02/2027,0.5567,0.56,0.1477,0.2,1.2883,107,0
Câmbio,2025-08-28,02/2027,5.6190999999999995,5.6429,0.1955,5.0,6.16,58,1
Câmbio,2025-08-28,02/2027,5.6218,5.65,0.22920000000000001,4.8,6.3,89,0
IPCA Livres,2025-08-28,02/2027,0.5947,0.6000000000000001,0.1317,0.1,0.81,55,1
IPCA Livres,2025-08-28,02/2027,0.5834,0.6000000000000001,0.1383,0.1,0.81,69,0
IPCA Serviços,2025-08-28,02/2027,0.8727,0.96,0.2328,0.1,1.27,54,1
IPCA Serviços,2025-08-28,02/2027,0.8696,0.9475,0.2273,0.1,1.27,68,0
IPCA Bens industrializados,2025-08-28,02/2027,0.2816,0.28500000000000003,0.1414,-0.01,0.81,52,1
IPCA Bens industrializados,2025-08-28,02/2027,0.2896,0.30000000000000004,0.13340000000000002,-0.01,0.81,65,0
IPCA Alimentação no domicílio,2025-08-28,02/2027,0.46190000000000003,0.41000000000000003,0.2131,0.0,0.9,53,1
IPCA Alimentação no domicílio,2025-08-28,02/2027,0.44160000000000005,0.41000000000000003,0.20500000000000002,0.0,0.9,67,0
IPCA Administrados,2025-08-28,02/2027,0.42150000000000004,0.4,0.1756,0.11,0.85,57,1
IPCA Administrados,2025-08-28,02/2027,0.4072,0.4,0.1661,0.11,0.85,71,0
IGP-M,2025-08-28,01/2027,0.3785,0.37,0.1134,0.1,0.6900000000000001,39,1
IGP-M,2025-08-28,01/2027,0.3793,0.36,0.10830000000000001,0.1,0.6900000000000001,55,0
IPCA,2025-08-28,01/2027,0.38870000000000005,0.395,0.11750000000000001,0.0,0.6900000000000001,84,1
IPCA,2025-08-28,01/2027,0.3895,0.4,0.11460000000000001,0.0,0.6900000000000001,109,0
Câmbio,2025-08-28,01/2027,5.6177,5.6276,0.18910000000000002,5.0,6.08,59,1
Câmbio,2025-08-28,01/2027,5.6251999999999995,5.645,0.215,4.95,6.3,92,0
IPCA Livres,2025-08-28,01/2027,0.4408,0.44,0.1192,0.12,0.8,55,1
IPCA Livres,2025-08-28,01/2027,0.4414,0.44,0.1199,0.12,0.8,69,0
IPCA Serviços,2025-08-28,01/2027,0.4012,0.38,0.1376,0.15,0.91,54,1
IPCA Serviços,2025-08-28,01/2027,0.4026,0.385,0.12860000000000002,0.15,0.91,68,0
IPCA Bens industrializados,2025-08-28,01/2027,0.2545,0.25,0.0988,-0.04,0.48,52,1
IPCA Bens industrializados,2025-08-28,01/2027,0.2662,0.26,0.0976,-0.04,0.48,65,0
IPCA Alimentação no domicílio,2025-08-28,01/2027,0.8059000000000001,0.8336,0.2874,0.22,1.3900000000000001,53,1
IPCA Alimentação no domicílio,2025-08-28,01/2027,0.7738,0.8,0.3048,-0.1,1.3900000000000001,67,0
IPCA Administrados,2025-08-28,01/2027,0.3639,0.36,0.131,-0.12,0.75,57,1
IPCA Administrados,2025-08-28,01/2027,0.3569,0.36,0.1282,-0.12,0.75,71,0
IGP-M,2025-08-28,12/2026,0.42850000000000005,0.4,0.2079,-0.03,1.0,43,1
IGP-M,2025-08-28,12/2026,0.4274,0.398,0.19240000000000002,-0.03,1.0,64,0
IPCA,2025-08-28,12/2026,0.5078,0.51,0.1073,0.026600000000000002,0.8117000000000001,101,1
IPCA,2025-08-28,12/2026,0.501,0.51,0.1041,0.026600000000000002,0.8117000000000001,136,0
Câmbio,2025-08-28,12/2026,5.6154,5.6,0.186,5.0,6.0,72,1
Câmbio,2025-08-28,12/2026,5.6387,5.6275,0.1945,5.0,6.2,118,0
Taxa de desocupação,2025-08-28,12/2026,6.415,6.4,0.758,4.1,7.8,44,1
Taxa de desocupação,2025-08-28,12/2026,6.4391,6.5,0.6988000000000001,4.1,7.8,69,0
IPCA Livres,2025-08-28,12/2026,0.6263000000000001,0.6233000000000001,0.1366,0.33,0.9400000000000001,68,1
IPCA Livres,2025-08-28,12/2026,0.609,0.61,0.1416,0.2306,0.9400000000000001,87,0
IPCA Serviços,2025-08-28,12/2026,0.6342,0.63,0.18180000000000002,0.1115,1.1477,66,1
IPCA Serviços,2025-08-28,12/2026,0.6122000000000001,0.6000000000000001,0.17750000000000002,0.1115,1.1477,86,0
IPCA Bens industrializados,2025-08-28,12/2026,0.431,0.43,0.1422,-0.08,0.9024000000000001,64,1
IPCA Bens industrializados,2025-08-28,12/2026,0.4244,0.4262,0.14120000000000002,-0.08,0.9024000000000001,83,0
IPCA Alimentação no domicílio,2025-08-28,12/2026,0.8489,0.8595,0.2985,-0.23,1.8029000000000002,65,1
IPCA Alimentação no domicílio,2025-08-28,12/2026,0.8133,0.85,0.2953,-0.23,1.8029000000000002,83,0
IPCA Administrados,2025-08-28,12/2026,0.2228,0.23500000000000001,0.2162,-0.34,1.1128,70,1
IPCA Administrados,2025-08-28,12/2026,0.231,0.24,0.20220000000000002,-0.34,1.1128,89,0
IGP-M,2025-08-28,11/2026,0.4418,0.4,0.2061,-0.02,1.03,43,1
IGP-M,2025-08-28,11/2026,0.468,0.405,0.21580000000000002,-0.02,1.15,64,0
IPCA,2025-08-28,11/2026,0.3185,0.32,0.0925,0.05,0.58,101,1
IPCA,2025-08-28,11/2026,0.32430000000000003,0.32,0.0908,0.05,0.59,136,0
Câmbio,2025-08-28,11/2026,5.6224,5.6375,0.18480000000000002,5.0,6.0,69,1
Câmbio,2025-08-28,11/2026,5.6415,5.6485,0.20140000000000002,5.0,6.3,109,0
Taxa de desocupação,2025-08-28,11/2026,6.2948,6.32,0.7042,4.6,7.7683,39,1
Taxa de desocupação,2025-08-28,11/2026,6.3339,6.4,0.6881,4.6,7.7683,59,0
IPCA Livres,2025-08-28,11/2026,0.34800000000000003,0.33590000000000003,0.0878,0.16,0.64,68,1
IPCA Livres,2025-08-28,11/2026,0.3514,0.34,0.0946,0.16,0.72,87,0
IPCA Serviços,2025-08-28,11/2026,0.391,0.37,0.1211,0.12,0.77,66,1
IPCA Serviços,2025-08-28,11/2026,0.38880000000000003,0.3738,0.1143,0.12,0.77,86,0
IPCA Bens industrializados,2025-08-28,11/2026,0.0785,0.095,0.15610000000000002,-0.4253,0.435,64,1
IPCA Bens industrializados,2025-08-28,11/2026,0.0981,0.12,0.162,-0.4253,0.5455,83,0
IPCA Alimentação no domicílio,2025-08-28,11/2026,0.6322,0.6000000000000001,0.2278,0.04,1.28,65,1
IPCA Alimentação no domicílio,2025-08-28,11/2026,0.6175,0.6000000000000001,0.2255,0.04,1.28,83,0
IPCA Administrados,2025-08-28,11/2026,0.2132,0.27,0.2454,-0.47000000000000003,0.72,71,1
IPCA Administrados,2025-08-28,11/2026,0.23720000000000002,0.2821,0.2296,-0.47000000000000003,0.72,90,0
IGP-M,2025-08-28,10/2026,0.432,0.4,0.16770000000000002,0.04,0.8,43,1
IGP-M,2025-08-28,10/2026,0.4545,0.41590000000000005,0.17950000000000002,0.04,0.9500000000000001,64,0
IPCA,2025-08-28,10/2026,0.35950000000000004,0.35000000000000003,0.0771,0.11,0.58,101,1
IPCA,2025-08-28,10/2026,0.3604,0.35000000000000003,0.07150000000000001,0.11,0.58,136,0
Câmbio,2025-08-28,10/2026,5.6347000000000005,5.63,0.18480000000000002,5.0,6.0,69,1
Câmbio,2025-08-28,10/2026,5.6527,5.6438,0.2021,5.0,6.25,109,0
Taxa de desocupação,2025-08-28,10/2026,6.3571,6.4,0.6959000000000001,5.1,7.7683,41,1
Taxa de desocupação,2025-08-28,10/2026,6.3798,6.4,0.6627000000000001,5.1,7.7683,61,0
IPCA Livres,2025-08-28,10/2026,0.4219,0.41000000000000003,0.0854,0.26,0.67,68,1
IPCA Livres,2025-08-28,10/2026,0.417,0.4,0.085,0.2187,0.67,87,0
IPCA Serviços,2025-08-28,10/2026,0.4229,0.42,0.1041,0.19,0.66,66,1
IPCA Serviços,2025-08-28,10/2026,0.4213,0.42,0.106,0.19,0.66,86,0
IPCA Bens industrializados,2025-08-28,10/2026,0.32120000000000004,0.32,0.0965,0.0339,0.49,64,1
IPCA Bens industrializados,2025-08-28,10/2026,0.321,0.32,0.0911,0.0339,0.49,83,0
IPCA Alimentação no domicílio,2025-08-28,10/2026,0.5665,0.53,0.1842,0.07,0.98,65,1
IPCA Alimentação no domicílio,2025-08-28,10/2026,0.5487000000000001,0.53,0.17830000000000001,0.07,0.98,83,0
IPCA Administrados,2025-08-28,10/2026,0.1825,0.26,0.2781,-0.84,0.45,71,1
IPCA Administrados,2025-08-28,10/2026,0.19990000000000002,0.26,0.25370000000000004,-0.84,0.48460000000000003,90,0
IGP-M,2025-08-28,09/2026,0.3815,0.39,0.1459,-0.05,0.75,43,1
IGP-M,2025-08-28,09/2026,0.3876,0.385,0.13240000000000002,-0.05,0.75,64,0
IPCA,2025-08-28,09/2026,0.28450000000000003,0.28,0.0886,0.09,0.6984,101,1
IPCA,2025-08-28,09/2026,0.28300000000000003,0.28,0.0829,0.09,0.6984,136,0
Câmbio,2025-08-28,09/2026,5.6370000000000005,5.6392,0.1935,5.0,6.0,69,1
Câmbio,2025-08-28,09/2026,5.6505,5.6443,0.20550000000000002,5.0,6.2,109,0
Taxa de desocupação,2025-08-28,09/2026,6.3697,6.4,0.6653,5.1,7.7683,41,1
Taxa de desocupação,2025-08-28,09/2026,6.4142,6.4,0.6428,5.1,7.7683,62,0
IPCA Livres,2025-08-28,09/2026,0.2657,0.26,0.0821,0.0634,0.45,68,1
IPCA Livres,2025-08-28,09/2026,0.262,0.26,0.07730000000000001,0.0634,0.45,87,0
IPCA Serviços,2025-08-28,09/2026,0.4002,0.4,0.1004,0.12,0.67,66,1
IPCA Serviços,2025-08-28,09/2026,0.3909,0.39,0.09630000000000001,0.12,0.67,86,0
IPCA Bens industrializados,2025-08-28,09/2026,0.17420000000000002,0.18,0.09140000000000001,-0.2036,0.429,64,1
IPCA Bens industrializados,2025-08-28,09/2026,0.1849,0.2,0.0925,-0.2036,0.4733,83,0
IPCA Alimentação no domicílio,2025-08-28,09/2026,0.0882,0.1,0.2172,-0.5,0.5759000000000001,65,1
IPCA Alimentação no domicílio,2025-08-28,09/2026,0.1218,0.15,0.2155,-0.5,0.8200000000000001,83,0
IPCA Administrados,2025-08-28,09/2026,0.29810000000000003,0.27,0.2594,-0.48,1.09,71,1
IPCA Administrados,2025-08-28,09/2026,0.2962,0.2775,0.23190000000000002,-0.48,1.09,90,0
IGP-M,2025-08-28,08/2026,0.23820000000000002,0.26,0.14170000000000002,-0.21,0.5,43,1
IGP-M,2025-08-28,08/2026,0.24980000000000002,0.265,0.138,-0.21,0.5196000000000001,64,0
IPCA,2025-08-28,08/2026,0.1816,0.18,0.1101,-0.33,0.51,101,1
IPCA,2025-08-28,08/2026,0.18960000000000002,0.19,0.1068,-0.33,0.51,136,0
Câmbio,2025-08-28,08/2026,5.6253,5.63,0.1938,5.0,6.0,69,1
Câmbio,2025-08-28,08/2026,5.6375,5.64,0.19720000000000001,5.0,6.11,109,0
Taxa de desocupação,2025-08-28,08/2026,6.3902,6.4,0.6144000000000001,5.3,7.7683,41,1
Taxa de desocupação,2025-08-28,08/2026,6.4332,6.445,0.5918,5.3,7.7683,62,0
IPCA Livres,2025-08-28,08/2026,0.1489,0.145,0.099,-0.05,0.4546,68,1
IPCA Livres,2025-08-28,08/2026,0.1529,0.15,0.0985,-0.12,0.4546,87,0
IPCA Serviços,2025-08-28,08/2026,0.24180000000000001,0.245,0.10360000000000001,0.05,0.47000000000000003,66,1
IPCA Serviços,2025-08-28,08/2026,0.2494,0.25,0.1023,0.05,0.5145000000000001,86,0
IPCA Bens industrializados,2025-08-28,08/2026,0.2144,0.22,0.117,-0.36,0.4113,64,1
IPCA Bens industrializados,2025-08-28,08/2026,0.214,0.22,0.10930000000000001,-0.36,0.4113,83,0
IPCA Alimentação no domicílio,2025-08-28,08/2026,-0.1545,-0.15,0.281,-1.0,0.5022,65,1
IPCA Alimentação no domicílio,2025-08-28,08/2026,-0.115,-0.1,0.27390000000000003,-1.0,0.5022,83,0
IPCA Administrados,2025-08-28,08/2026,0.2998,0.26,0.2827,-0.48,1.47,71,1
IPCA Administrados,2025-08-28,08/2026,0.29050000000000004,0.26,0.2538,-0.48,1.47,90,0
IGP-M,2025-08-28,07/2026,0.1837,0.23,0.1993,-0.5,0.5,43,1
IGP-M,2025-08-28,07/2026,0.19340000000000002,0.225,0.18960000000000002,-0.5,0.5564,64,0
IPCA,2025-08-28,07/2026,0.2273,0.2273,0.0889,-0.09,0.48,101,1
IPCA,2025-08-28,07/2026,0.22870000000000001,0.23,0.0878,-0.09,0.48,136,0
Câmbio,2025-08-28,07/2026,5.6087,5.604,0.18430000000000002,5.0,6.0,69,1
Câmbio,2025-08-28,07/2026,5.6256,5.63,0.1899,5.0,6.1,109,0
Taxa de desocupação,2025-08-28,07/2026,6.4123,6.4,0.5958,5.3,7.7683,41,1
Taxa de desocupação,2025-08-28,07/2026,6.4573,6.5,0.5712,5.3,7.7683,62,0
IPCA Livres,2025-08-28,07/2026,0.20950000000000002,0.2,0.0978,-0.1,0.45370000000000005,68,1
IPCA Livres,2025-08-28,07/2026,0.2064,0.2,0.09280000000000001,-0.1,0.45370000000000005,87,0
IPCA Serviços,2025-08-28,07/2026,0.4571,0.455,0.1313,0.17,0.89,66,1
IPCA Serviços,2025-08-28,07/2026,0.44720000000000004,0.43,0.1252,0.15,0.89,86,0
IPCA Bens industrializados,2025-08-28,07/2026,0.0716,0.07,0.1177,-0.18,0.4081,64,1
IPCA Bens industrializados,2025-08-28,07/2026,0.08660000000000001,0.08,0.1222,-0.18,0.43,83,0
IPCA Alimentação no domicílio,2025-08-28,07/2026,-0.1379,-0.12,0.3042,-0.93,0.7266,65,1
IPCA Alimentação no domicílio,2025-08-28,07/2026,-0.11410000000000001,-0.1,0.295,-0.93,0.7266,83,0
IPCA Administrados,2025-08-28,07/2026,0.356,0.34,0.22340000000000002,-0.34,1.05,71,1
IPCA Administrados,2025-08-28,07/2026,0.3632,0.34,0.21180000000000002,-0.34,1.05,90,0
IGP-M,2025-08-28,06/2026,0.26630000000000004,0.30000000000000004,0.1918,-0.25,0.77,43,1
IGP-M,2025-08-28,06/2026,0.25670000000000004,0.28,0.19740000000000002,-0.25,0.77,64,0
IPCA,2025-08-28,06/2026,0.2484,0.24,0.08410000000000001,-0.03,0.5,102,1
IPCA,2025-08-28,06/2026,0.2472,0.243,0.07970000000000001,-0.03,0.5,137,0
Câmbio,2025-08-28,06/2026,5.5961,5.6,0.1728,5.0,6.0,69,1
Câmbio,2025-08-28,06/2026,5.6190999999999995,5.61,0.1799,5.0,6.15,109,0
Taxa de desocupação,2025-08-28,06/2026,6.41,6.3,0.5654,5.3,7.7683,41,1
Taxa de desocupação,2025-08-28,06/2026,6.4391,6.5,0.5604,5.2,7.7683,63,0
IPCA Livres,2025-08-28,06/2026,0.23,0.225,0.08420000000000001,0.0709,0.46,68,1
IPCA Livres,2025-08-28,06/2026,0.2268,0.22,0.0809,0.07,0.46,87,0
IPCA Serviços,2025-08-28,06/2026,0.3724,0.37,0.0935,0.1,0.62,66,1
IPCA Serviços,2025-08-28,06/2026,0.36610000000000004,0.37,0.09140000000000001,0.1,0.62,86,0
IPCA Bens industrializados,2025-08-28,06/2026,0.1182,0.135,0.11410000000000001,-0.2713,0.4184,64,1
IPCA Bens industrializados,2025-08-28,06/2026,0.1237,0.14,0.1107,-0.2713,0.4184,83,0
IPCA Alimentação no domicílio,2025-08-28,06/2026,0.055600000000000004,0.08,0.23750000000000002,-0.5,0.7061000000000001,65,1
IPCA Alimentação no domicílio,2025-08-28,06/2026,0.0636,0.0956,0.2238,-0.5,0.7061000000000001,83,0
IPCA Administrados,2025-08-28,06/2026,0.34,0.30000000000000004,0.202,-0.06,0.99,71,1
IPCA Administrados,2025-08-28,06/2026,0.3311,0.30000000000000004,0.18660000000000002,-0.06,0.99,90,0
IGP-M,2025-08-28,05/2026,0.2348,0.30000000000000004,0.1724,-0.25,0.49,43,1
IGP-M,2025-08-28,05/2026,0.2286,0.28500000000000003,0.1703,-0.25,0.5799000000000001,64,0
IPCA,2025-08-28,05/2026,0.2861,0.29,0.07050000000000001,0.1,0.48,102,1
IPCA,2025-08-28,05/2026,0.2848,0.29,0.06810000000000001,0.1,0.48,137,0
Câmbio,2025-08-28,05/2026,5.588,5.5873,0.16,5.0,6.0,69,1
Câmbio,2025-08-28,05/2026,5.6119,5.6,0.1646,5.0,6.08,109,0
Taxa de desocupação,2025-08-28,05/2026,6.4819,6.4,0.5064000000000001,5.55,7.7683,41,1
Taxa de desocupação,2025-08-28,05/2026,6.5206,6.5,0.5055000000000001,5.3,7.7683,63,0
IPCA Livres,2025-08-28,05/2026,0.2041,0.19,0.0917,-0.03,0.5095000000000001,68,1
IPCA Livres,2025-08-28,05/2026,0.2074,0.2,0.0874,-0.03,0.5095000000000001,87,0
IPCA Serviços,2025-08-28,05/2026,0.1602,0.16,0.1257,-0.18,0.46,66,1
IPCA Serviços,2025-08-28,05/2026,0.17550000000000002,0.18,0.1199,-0.18,0.46,86,0
IPCA Bens industrializados,2025-08-28,05/2026,0.2616,0.29,0.10790000000000001,-0.04,0.46,64,1
IPCA Bens industrializados,2025-08-28,05/2026,0.266,0.29,0.1028,-0.04,0.5301,83,0
IPCA Alimentação no domicílio,2025-08-28,05/2026,0.2179,0.2,0.1787,-0.08,0.9383,65,1
IPCA Alimentação no domicílio,2025-08-28,05/2026,0.2227,0.2,0.1641,-0.08,0.9383,83,0
IPCA Administrados,2025-08-28,05/2026,0.504,0.45,0.21180000000000002,0.06,1.18,71,1
IPCA Administrados,2025-08-28,05/2026,0.4902,0.44,0.1956,0.06,1.18,90,0
IGP-M,2025-08-28,04/2026,0.31570000000000004,0.32,0.1231,-0.21,0.5700000000000001,43,1
IGP-M,2025-08-28,04/2026,0.3178,0.30000000000000004,0.1378,-0.21,0.7000000000000001,64,0
IPCA,2025-08-28,04/2026,0.39180000000000004,0.39,0.0722,0.25,0.7000000000000001,102,1
IPCA,2025-08-28,04/2026,0.39540000000000003,0.39,0.0685,0.25,0.7000000000000001,137,0
Câmbio,2025-08-28,04/2026,5.5824,5.5744,0.14750000000000002,5.1,6.0,69,1
Câmbio,2025-08-28,04/2026,5.6101,5.6,0.1558,5.1,6.07,109,0
Taxa de desocupação,2025-08-28,04/2026,6.5908999999999995,6.5,0.46080000000000004,5.65,7.7683,41,1
Taxa de desocupação,2025-08-28,04/2026,6.6350999999999996,6.6,0.4838,5.4,7.9,63,0
IPCA Livres,2025-08-28,04/2026,0.3846,0.39,0.0806,0.2,0.62,68,1
IPCA Livres,2025-08-28,04/2026,0.3834,0.39,0.0771,0.17,0.62,87,0
IPCA Serviços,2025-08-28,04/2026,0.3381,0.35000000000000003,0.1053,-0.01,0.5700000000000001,66,1
IPCA Serviços,2025-08-28,04/2026,0.3395,0.35000000000000003,0.1019,-0.01,0.5700000000000001,86,0
IPCA Bens industrializados,2025-08-28,04/2026,0.2651,0.27,0.10450000000000001,0.039,0.54,64,1
IPCA Bens industrializados,2025-08-28,04/2026,0.27590000000000003,0.28,0.09730000000000001,0.039,0.54,83,0
IPCA Alimentação no domicílio,2025-08-28,04/2026,0.6387,0.6003000000000001,0.2501,0.082,1.37,65,1
IPCA Alimentação no domicílio,2025-08-28,04/2026,0.6184000000000001,0.6000000000000001,0.2393,0.082,1.37,83,0
IPCA Administrados,2025-08-28,04/2026,0.44530000000000003,0.45,0.1522,0.12,0.84,71,1
IPCA Administrados,2025-08-28,04/2026,0.44980000000000003,0.46,0.14550000000000002,0.12,0.84,90,0
IGP-M,2025-08-28,03/2026,0.38530000000000003,0.4,0.15480000000000002,0.04,0.9500000000000001,43,1
IGP-M,2025-08-28,03/2026,0.38520000000000004,0.4,0.1501,0.04,0.9500000000000001,64,0
IPCA,2025-08-28,03/2026,0.38120000000000004,0.365,0.08710000000000001,0.15,0.7000000000000001,102,1
IPCA,2025-08-28,03/2026,0.3824,0.37,0.08600000000000001,0.15,0.7000000000000001,137,0
Câmbio,2025-08-28,03/2026,5.5741,5.55,0.1343,5.2,6.0,69,1
Câmbio,2025-08-28,03/2026,5.5999,5.6,0.1401,5.2,6.05,109,0
Taxa de desocupação,2025-08-28,03/2026,6.6886,6.6,0.4862,5.72,7.8707,41,1
Taxa de desocupação,2025-08-28,03/2026,6.7443,6.7,0.4868,5.7,7.8707,63,0
IPCA Livres,2025-08-28,03/2026,0.3728,0.37,0.09050000000000001,0.17,0.6900000000000001,68,1
IPCA Livres,2025-08-28,03/2026,0.3784,0.37,0.0916,0.17,0.6900000000000001,87,0
IPCA Serviços,2025-08-28,03/2026,0.2978,0.2888,0.1004,0.09,0.6000000000000001,66,1
IPCA Serviços,2025-08-28,03/2026,0.3108,0.30000000000000004,0.0981,0.09,0.6000000000000001,86,0
IPCA Bens industrializados,2025-08-28,03/2026,0.25370000000000004,0.2775,0.096,0.05,0.44,64,1
IPCA Bens industrializados,2025-08-28,03/2026,0.2582,0.27,0.0908,0.05,0.4591,83,0
IPCA Alimentação no domicílio,2025-08-28,03/2026,0.7364,0.73,0.24760000000000001,0.14,1.4100000000000001,65,1
IPCA Alimentação no domicílio,2025-08-28,03/2026,0.7046,0.7000000000000001,0.2579,-0.12,1.4100000000000001,83,0
IPCA Administrados,2025-08-28,03/2026,0.36410000000000003,0.30000000000000004,0.2426,0.08,1.55,71,1
IPCA Administrados,2025-08-28,03/2026,0.3675,0.32,0.22610000000000002,0.08,1.55,90,0
IGP-M,2025-08-28,02/2026,0.3466,0.36,0.1646,0.05,0.7000000000000001,43,1
IGP-M,2025-08-28,02/2026,0.3582,0.37,0.1751,0.047400000000000005,0.7000000000000001,64,0
IPCA,2025-08-28,02/2026,0.6058,0.5994,0.1255,0.35000000000000003,1.2956,102,1
IPCA,2025-08-28,02/2026,0.6081,0.6000000000000001,0.1211,0.35000000000000003,1.2956,137,0
Câmbio,2025-08-28,02/2026,5.5648,5.55,0.1287,5.3,6.0,69,1
Câmbio,2025-08-28,02/2026,5.5896,5.5969999999999995,0.1345,5.3,6.02,109,0
Taxa de desocupação,2025-08-28,02/2026,6.4691,6.3,0.4335,5.6,7.8324,41,1
Taxa de desocupação,2025-08-28,02/2026,6.5312,6.54,0.4461,5.5,7.8324,63,0
IPCA Livres,2025-08-28,02/2026,0.6559,0.6559,0.10980000000000001,0.365,1.0,68,1
IPCA Livres,2025-08-28,02/2026,0.6544,0.66,0.1168,0.31,1.0,87,0
IPCA Serviços,2025-08-28,02/2026,1.0002,1.0138,0.1565,0.6000000000000001,1.37,66,1
IPCA Serviços,2025-08-28,02/2026,0.9971000000000001,1.0113,0.1814,0.35000000000000003,1.37,86,0
IPCA Bens industrializados,2025-08-28,02/2026,0.2629,0.27,0.09390000000000001,-0.01,0.41000000000000003,64,1
IPCA Bens industrializados,2025-08-28,02/2026,0.26780000000000004,0.26,0.0936,-0.01,0.6000000000000001,83,0
IPCA Alimentação no domicílio,2025-08-28,02/2026,0.461,0.4156,0.23700000000000002,-0.04,1.2,65,1
IPCA Alimentação no domicílio,2025-08-28,02/2026,0.45730000000000004,0.42,0.2285,-0.04,1.2,83,0
IPCA Administrados,2025-08-28,02/2026,0.3754,0.33,0.1647,0.12,0.88,71,1
IPCA Administrados,2025-08-28,02/2026,0.3815,0.36250000000000004,0.1613,0.12,0.88,90,0
IGP-M,2025-08-28,01/2026,0.43370000000000003,0.41000000000000003,0.1762,0.14,1.0,43,1
IGP-M,2025-08-28,01/2026,0.44010000000000005,0.4,0.1758,0.14,1.0,64,0
IPCA,2025-08-28,01/2026,0.4319,0.43,0.1033,0.1385,0.8300000000000001,102,1
IPCA,2025-08-28,01/2026,0.43560000000000004,0.44,0.0988,0.1385,0.8300000000000001,137,0
Câmbio,2025-08-28,01/2026,5.5559,5.55,0.1218,5.3,6.0,69,1
Câmbio,2025-08-28,01/2026,5.5792,5.5722000000000005,0.1277,5.3,6.0,109,0
Taxa de desocupação,2025-08-28,01/2026,6.1487,6.2,0.43310000000000004,5.0,7.3564,41,1
Taxa de desocupação,2025-08-28,01/2026,6.2247,6.2,0.44930000000000003,5.0,7.3564,63,0
IPCA Livres,2025-08-28,01/2026,0.4792,0.4777,0.1197,0.19,0.9500000000000001,68,1
IPCA Livres,2025-08-28,01/2026,0.4857,0.4853,0.11610000000000001,0.19,0.9500000000000001,87,0
IPCA Serviços,2025-08-28,01/2026,0.4072,0.4,0.1507,0.07,0.76,66,1
IPCA Serviços,2025-08-28,01/2026,0.4247,0.4177,0.1486,0.07,0.76,86,0
IPCA Bens industrializados,2025-08-28,01/2026,0.2462,0.25,0.1066,-0.13,0.5,64,1
IPCA Bens industrializados,2025-08-28,01/2026,0.2589,0.27,0.10250000000000001,-0.13,0.55,83,0
IPCA Alimentação no domicílio,2025-08-28,01/2026,0.9856,1.0,0.3003,0.22,2.2,65,1
IPCA Alimentação no domicílio,2025-08-28,01/2026,0.9459000000000001,0.9500000000000001,0.3038,0.22,2.2,83,0
IPCA Administrados,2025-08-28,01/2026,0.314,0.33,0.1519,-0.19,0.56,71,1
IPCA Administrados,2025-08-28,01/2026,0.3151,0.33,0.1496,-0.19,0.56,90,0
IGP-M,2025-08-28,12/2025,0.609,0.6000000000000001,0.2765,0.11,1.92,45,1
IGP-M,2025-08-28,12/2025,0.5986,0.6000000000000001,0.26030000000000003,0.0634,1.92,69,0
IPCA,2025-08-28,12/2025,0.5047,0.5,0.08220000000000001,0.2725,0.8,106,1
IPCA,2025-08-28,12/2025,0.49860000000000004,0.5,0.0833,0.23,0.8,143,0
Câmbio,2025-08-28,12/2025,5.5503,5.5487,0.12090000000000001,5.3,6.0,72,1
Câmbio,2025-08-28,12/2025,5.5711,5.575,0.1153,5.3,6.0,122,0
Taxa de desocupação,2025-08-28,12/2025,5.9015,5.9,0.47090000000000004,4.9,7.1564,45,1
Taxa de desocupação,2025-08-28,12/2025,5.9372,6.0,0.4687,4.8,7.2,71,0
IPCA Livres,2025-08-28,12/2025,0.683,0.68,0.11320000000000001,0.2619,1.0564,72,1
IPCA Livres,2025-08-28,12/2025,0.6731,0.68,0.12150000000000001,0.2619,1.0564,92,0
IPCA Serviços,2025-08-28,12/2025,0.6684,0.665,0.2326,-0.7254,1.3705,70,1
IPCA Serviços,2025-08-28,12/2025,0.6587000000000001,0.6501,0.2109,-0.7254,1.3705,92,0
IPCA Bens industrializados,2025-08-28,12/2025,0.47650000000000003,0.46,0.1526,0.22,1.4056,68,1
IPCA Bens industrializados,2025-08-28,12/2025,0.454,0.46,0.15430000000000002,0.015700000000000002,1.4056,89,0
IPCA Alimentação no domicílio,2025-08-28,12/2025,1.003,1.0475,0.34550000000000003,-0.43160000000000004,1.7821,70,1
IPCA Alimentação no domicílio,2025-08-28,12/2025,0.9804,1.0,0.366,-0.43160000000000004,1.7821,90,0
IPCA Administrados,2025-08-28,12/2025,-0.016800000000000002,-0.0687,0.18430000000000002,-0.4047,0.51,76,1
IPCA Administrados,2025-08-28,12/2025,-0.0012000000000000001,-0.0524,0.1971,-0.4047,0.81,96,0
IGP-M,2025-08-28,11/2025,0.642,0.65,0.242,0.11,1.02,45,1
IGP-M,2025-08-28,11/2025,0.6574,0.65,0.2461,0.11,1.02,69,0
IPCA,2025-08-28,11/2025,0.26480000000000004,0.26,0.08850000000000001,0.0668,0.65,106,1
IPCA,2025-08-28,11/2025,0.27190000000000003,0.27,0.0902,0.0668,0.65,143,0
Câmbio,2025-08-28,11/2025,5.5257000000000005,5.5085,0.1116,5.3,6.0,70,1
Câmbio,2025-08-28,11/2025,5.5478000000000005,5.5335,0.10790000000000001,5.3,6.0,114,0
Taxa de desocupação,2025-08-28,11/2025,5.7997,5.83,0.4055,4.8,7.0088,42,1
Taxa de desocupação,2025-08-28,11/2025,5.8468,5.875,0.435,4.8,7.2,66,0
IPCA Livres,2025-08-28,11/2025,0.3941,0.4,0.09630000000000001,0.09,0.64,72,1
IPCA Livres,2025-08-28,11/2025,0.4042,0.405,0.10070000000000001,0.09,0.71,92,0
IPCA Serviços,2025-08-28,11/2025,0.4632,0.455,0.114,0.12,0.77,70,1
IPCA Serviços,2025-08-28,11/2025,0.46580000000000005,0.46,0.1114,0.12,0.77,92,0
IPCA Bens industrializados,2025-08-28,11/2025,0.0076,-0.005,0.1603,-0.326,0.52,68,1
IPCA Bens industrializados,2025-08-28,11/2025,0.0329,0.02,0.1555,-0.326,0.52,89,0
IPCA Alimentação no domicílio,2025-08-28,11/2025,0.7668,0.8,0.2726,-0.43,1.4,70,1
IPCA Alimentação no domicílio,2025-08-28,11/2025,0.7671,0.8,0.27540000000000003,-0.43,1.4,90,0
IPCA Administrados,2025-08-28,11/2025,-0.1469,-0.2283,0.24680000000000002,-0.8227,0.46,76,1
IPCA Administrados,2025-08-28,11/2025,-0.137,-0.217,0.24680000000000002,-0.8227,0.53,96,0
IGP-M,2025-08-28,10/2025,0.6104,0.64,0.20750000000000002,0.11,1.1400000000000001,45,1
IGP-M,2025-08-28,10/2025,0.617,0.65,0.2139,0.11,1.1400000000000001,69,0
IPCA,2025-08-28,10/2025,0.3173,0.32,0.084,0.08,0.54,107,1
IPCA,2025-08-28,10/2025,0.3274,0.34,0.0815,0.08,0.54,144,0
Câmbio,2025-08-28,10/2025,5.5036000000000005,5.5,0.1053,5.2,6.0,70,1
Câmbio,2025-08-28,10/2025,5.525,5.5,0.10790000000000001,5.2,6.0,114,0
Taxa de desocupação,2025-08-28,10/2025,5.7984,5.805,0.3919,4.7,6.7711,42,1
Taxa de desocupação,2025-08-28,10/2025,5.8441,5.875,0.418,4.7,7.2,66,0
IPCA Livres,2025-08-28,10/2025,0.4762,0.47000000000000003,0.0784,0.30000000000000004,0.6900000000000001,73,1
IPCA Livres,2025-08-28,10/2025,0.47340000000000004,0.47000000000000003,0.08,0.26,0.6900000000000001,93,0
IPCA Serviços,2025-08-28,10/2025,0.48710000000000003,0.48,0.11130000000000001,0.26,0.86,71,1
IPCA Serviços,2025-08-28,10/2025,0.4808,0.46630000000000005,0.11130000000000001,0.16,0.86,93,0
IPCA Bens industrializados,2025-08-28,10/2025,0.3257,0.34,0.09770000000000001,0.0,0.5,69,1
IPCA Bens industrializados,2025-08-28,10/2025,0.3266,0.34,0.0932,0.0,0.5,90,0
IPCA Alimentação no domicílio,2025-08-28,10/2025,0.6574,0.6402,0.19060000000000002,0.2,1.1,71,1
IPCA Alimentação no domicílio,2025-08-28,10/2025,0.6502,0.6402,0.1935,0.2,1.1,91,0
IPCA Administrados,2025-08-28,10/2025,-0.17550000000000002,-0.2947,0.33490000000000003,-1.12,0.38,77,1
IPCA Administrados,2025-08-28,10/2025,-0.1338,-0.17250000000000001,0.33540000000000003,-1.12,0.4,97,0
IGP-M,2025-08-28,09/2025,0.5249,0.52,0.156,0.2,0.87,45,1
IGP-M,2025-08-28,09/2025,0.542,0.545,0.1699,0.1,0.89,70,0
IPCA,2025-08-28,09/2025,0.5981000000000001,0.5917,0.15960000000000002,0.2586,1.6,107,1
IPCA,2025-08-28,09/2025,0.5821000000000001,0.5700000000000001,0.16140000000000002,0.21,1.6,145,0
Câmbio,2025-08-28,09/2025,5.4837,5.468,0.0789,5.3,5.74,70,1
Câmbio,2025-08-28,09/2025,5.505,5.5,0.08420000000000001,5.3,5.75,114,0
Taxa de desocupação,2025-08-28,09/2025,5.8029,5.8,0.34240000000000004,4.9,6.6,42,1
Taxa de desocupação,2025-08-28,09/2025,5.8511,5.8346,0.3753,4.9,7.1,66,0
IPCA Livres,2025-08-28,09/2025,0.2419,0.24,0.08510000000000001,0.0825,0.42,73,1
IPCA Livres,2025-08-28,09/2025,0.2456,0.24,0.08360000000000001,0.0825,0.42,93,0
IPCA Serviços,2025-08-28,09/2025,0.3592,0.35000000000000003,0.1158,0.14,0.71,71,1
IPCA Serviços,2025-08-28,09/2025,0.3673,0.3553,0.1109,0.14,0.71,93,0
IPCA Bens industrializados,2025-08-28,09/2025,0.1852,0.2,0.1052,-0.3028,0.35000000000000003,69,1
IPCA Bens industrializados,2025-08-28,09/2025,0.191,0.21,0.1003,-0.3028,0.35000000000000003,90,0
IPCA Alimentação no domicílio,2025-08-28,09/2025,0.09390000000000001,0.11,0.1922,-0.28,0.5700000000000001,71,1
IPCA Alimentação no domicílio,2025-08-28,09/2025,0.1067,0.11,0.1899,-0.28,0.5700000000000001,91,0
IPCA Administrados,2025-08-28,09/2025,1.5376,1.58,0.4963,0.21,2.21,77,1
IPCA Administrados,2025-08-28,09/2025,1.5190000000000001,1.55,0.5135000000000001,0.1,2.25,97,0
IPCA,2025-08-28,08/2025,-0.1506,-0.16,0.08310000000000001,-0.28,0.3501,107,1
IPCA,2025-08-28,08/2025,-0.1291,-0.15,0.1039,-0.28,0.4,145,0
Câmbio,2025-08-28,08/2025,5.4662,5.4526,0.061200000000000004,5.35,5.73,71,1
Câmbio,2025-08-28,08/2025,5.4881,5.4693,0.0708,5.35,5.75,115,0
Taxa de desocupação,2025-08-28,08/2025,5.8344000000000005,5.8,0.2795,5.2,6.6,42,1
Taxa de desocupação,2025-08-28,08/2025,5.8776,5.9,0.3285,5.2,7.1,66,0
IPCA Livres,2025-08-28,08/2025,0.0183,0.0,0.08510000000000001,-0.15,0.33,73,1
IPCA Livres,2025-08-28,08/2025,0.040400000000000005,0.02,0.10200000000000001,-0.15,0.35000000000000003,93,0
IPCA Serviços,2025-08-28,08/2025,0.26,0.26,0.0998,-0.05,0.5135000000000001,71,1
IPCA Serviços,2025-08-28,08/2025,0.28,0.28,0.10690000000000001,-0.05,0.6159,93,0
IPCA Bens industrializados,2025-08-28,08/2025,0.0534,0.05,0.11910000000000001,-0.1676,0.48,69,1
IPCA Bens industrializados,2025-08-28,08/2025,0.073,0.07,0.1263,-0.23,0.48,90,0
IPCA Alimentação no domicílio,2025-08-28,08/2025,-0.6032000000000001,-0.65,0.2793,-1.0752,0.84,71,1
IPCA Alimentação no domicílio,2025-08-28,08/2025,-0.541,-0.62,0.3044,-1.0752,0.84,91,0
IPCA Administrados,2025-08-28,08/2025,-0.6747000000000001,-0.68,0.1996,-1.3,0.24020000000000002,77,1
IPCA Administrados,2025-08-28,08/2025,-0.6608,-0.68,0.2614,-1.3534,0.4,97,0
Taxa de desocupação,2025-08-28,07/2025,5.8261,5.8,0.2207,5.5600000000000005,6.6,42,1
Taxa de desocupação,2025-08-28,07/2025,5.8792,5.8,0.30110000000000003,5.5,7.1,66,0
IPCA,2025-08-27,08/2027,0.1696,0.16,0.1145,-0.25,0.53,71,1
IPCA,2025-08-27,08/2027,0.1746,0.18,0.11560000000000001,-0.25,0.53,85,0
IPCA Livres,2025-08-27,08/2027,0.1496,0.17,0.08320000000000001,-0.05,0.35000000000000003,49,1
IPCA Livres,2025-08-27,08/2027,0.1458,0.17370000000000002,0.10200000000000001,-0.1699,0.4,56,0
IPCA Serviços,2025-08-27,08/2027,0.23440000000000003,0.25,0.1298,0.05,0.8,47,1
IPCA Serviços,2025-08-27,08/2027,0.22840000000000002,0.245,0.12760000000000002,0.028,0.8,54,0
IPCA Bens industrializados,2025-08-27,08/2027,0.2146,0.21,0.08080000000000001,0.05,0.39,47,1
IPCA Bens industrializados,2025-08-27,08/2027,0.21030000000000001,0.22,0.0925,-0.0859,0.39,53,0
IPCA Alimentação no domicílio,2025-08-27,08/2027,-0.0981,-0.06,0.3104,-0.9500000000000001,0.554,48,1
IPCA Alimentação no domicílio,2025-08-27,08/2027,-0.0801,-0.035,0.3226,-0.9500000000000001,0.554,54,0
IPCA Administrados,2025-08-27,08/2027,0.253,0.26,0.20500000000000002,-0.5700000000000001,1.0,52,1
IPCA Administrados,2025-08-27,08/2027,0.24580000000000002,0.2466,0.1966,-0.5700000000000001,1.0,59,0
IPCA,2025-08-27,07/2027,0.22390000000000002,0.21,0.1012,-0.07,0.52,77,1
IPCA,2025-08-27,07/2027,0.2195,0.21,0.10020000000000001,-0.07,0.52,99,0
Câmbio,2025-08-27,07/2027,5.599,5.59,0.2267,5.0,6.55,55,1
Câmbio,2025-08-27,07/2027,5.6164000000000005,5.6,0.2214,5.0,6.55,75,0
IPCA Livres,2025-08-27,07/2027,0.23420000000000002,0.20750000000000002,0.12140000000000001,0.0,0.7000000000000001,54,1
IPCA Livres,2025-08-27,07/2027,0.219,0.2,0.1231,-0.02,0.7000000000000001,67,0
IPCA Serviços,2025-08-27,07/2027,0.4249,0.4,0.1572,0.0,0.89,53,1
IPCA Serviços,2025-08-27,07/2027,0.4136,0.4,0.152,0.0,0.89,66,0
IPCA Bens industrializados,2025-08-27,07/2027,0.121,0.115,0.121,-0.11,0.5,52,1
IPCA Bens industrializados,2025-08-27,07/2027,0.114,0.1047,0.1252,-0.2484,0.5,64,0
IPCA Alimentação no domicílio,2025-08-27,07/2027,-0.0119,-0.055,0.29150000000000004,-0.68,1.02,52,1
IPCA Alimentação no domicílio,2025-08-27,07/2027,-0.0188,0.0,0.3033,-0.8189000000000001,1.02,65,0
IPCA Administrados,2025-08-27,07/2027,0.3176,0.30000000000000004,0.2172,-0.6000000000000001,0.85,56,1
IPCA Administrados,2025-08-27,07/2027,0.3224,0.305,0.20120000000000002,-0.6000000000000001,0.85,68,0
IPCA,2025-08-27,06/2027,0.23600000000000002,0.215,0.09630000000000001,0.0,0.49,78,1
IPCA,2025-08-27,06/2027,0.23090000000000002,0.21,0.0926,0.0,0.49,102,0
Câmbio,2025-08-27,06/2027,5.59,5.6,0.2459,4.8100000000000005,6.47,59,1
Câmbio,2025-08-27,06/2027,5.6151,5.61,0.241,4.8100000000000005,6.47,82,0
IPCA Livres,2025-08-27,06/2027,0.24450000000000002,0.2373,0.10830000000000001,0.0,0.51,54,1
IPCA Livres,2025-08-27,06/2027,0.22990000000000002,0.22,0.1125,-0.0671,0.51,67,0
IPCA Serviços,2025-08-27,06/2027,0.3528,0.34,0.10010000000000001,0.13,0.65,53,1
IPCA Serviços,2025-08-27,06/2027,0.34340000000000004,0.34,0.0984,0.1,0.65,66,0
IPCA Bens industrializados,2025-08-27,06/2027,0.1663,0.15,0.10360000000000001,-0.08,0.4219,52,1
IPCA Bens industrializados,2025-08-27,06/2027,0.14980000000000002,0.15,0.13140000000000002,-0.4939,0.4219,64,0
IPCA Alimentação no domicílio,2025-08-27,06/2027,0.12440000000000001,0.09,0.2679,-0.46,0.9500000000000001,52,1
IPCA Alimentação no domicílio,2025-08-27,06/2027,0.11370000000000001,0.1,0.2624,-0.46,0.9500000000000001,65,0
IPCA Administrados,2025-08-27,06/2027,0.3099,0.29,0.20500000000000002,-0.04,1.08,57,1
IPCA Administrados,2025-08-27,06/2027,0.2995,0.2861,0.1899,-0.04,1.08,69,0
IPCA,2025-08-27,05/2027,0.2636,0.27,0.0821,0.04,0.5,79,1
IPCA,2025-08-27,05/2027,0.26890000000000003,0.28,0.077,0.04,0.5,103,0
Câmbio,2025-08-27,05/2027,5.5891,5.6,0.2227,5.0,6.39,60,1
Câmbio,2025-08-27,05/2027,5.6172,5.63,0.2275,5.0,6.39,84,0
IPCA Livres,2025-08-27,05/2027,0.2151,0.2,0.12380000000000001,-0.04,0.61,55,1
IPCA Livres,2025-08-27,05/2027,0.2119,0.2,0.1174,-0.04,0.61,68,0
IPCA Serviços,2025-08-27,05/2027,0.1849,0.18,0.15030000000000002,-0.13,0.65,54,1
IPCA Serviços,2025-08-27,05/2027,0.18560000000000001,0.1844,0.13870000000000002,-0.13,0.65,67,0
IPCA Bens industrializados,2025-08-27,05/2027,0.2702,0.29,0.1056,0.01,0.53,52,1
IPCA Bens industrializados,2025-08-27,05/2027,0.2645,0.28,0.1102,-0.1578,0.53,65,0
IPCA Alimentação no domicílio,2025-08-27,05/2027,0.2081,0.2,0.21810000000000002,-0.4,0.89,53,1
IPCA Alimentação no domicílio,2025-08-27,05/2027,0.217,0.2,0.2041,-0.4,0.89,66,0
IPCA Administrados,2025-08-27,05/2027,0.4339,0.4,0.1784,0.0,1.12,57,1
IPCA Administrados,2025-08-27,05/2027,0.45,0.42,0.19,0.0,1.12,70,0
IPCA,2025-08-27,04/2027,0.3582,0.35000000000000003,0.0843,0.17,0.64,80,1
IPCA,2025-08-27,04/2027,0.3583,0.35000000000000003,0.079,0.17,0.64,104,0
Câmbio,2025-08-27,04/2027,5.593,5.6,0.2331,4.8100000000000005,6.32,61,1
Câmbio,2025-08-27,04/2027,5.6228,5.65,0.2373,4.8100000000000005,6.32,85,0
IPCA Livres,2025-08-27,04/2027,0.3597,0.35000000000000003,0.0752,0.2194,0.54,55,1
IPCA Livres,2025-08-27,04/2027,0.3541,0.35000000000000003,0.0755,0.17,0.54,68,0
IPCA Serviços,2025-08-27,04/2027,0.3257,0.32,0.1056,0.04,0.6000000000000001,54,1
IPCA Serviços,2025-08-27,04/2027,0.31570000000000004,0.30000000000000004,0.09970000000000001,0.04,0.6000000000000001,67,0
IPCA Bens industrializados,2025-08-27,04/2027,0.27690000000000003,0.28,0.1004,0.08,0.56,52,1
IPCA Bens industrializados,2025-08-27,04/2027,0.26880000000000004,0.27,0.101,-0.0393,0.56,65,0
IPCA Alimentação no domicílio,2025-08-27,04/2027,0.532,0.5,0.24450000000000002,0.2,1.58,53,1
IPCA Alimentação no domicílio,2025-08-27,04/2027,0.5302,0.5,0.2404,0.2,1.58,66,0
IPCA Administrados,2025-08-27,04/2027,0.4112,0.39,0.1681,0.11,0.93,57,1
IPCA Administrados,2025-08-27,04/2027,0.4164,0.39,0.1705,0.11,0.93,70,0
IPCA,2025-08-27,03/2027,0.3619,0.35000000000000003,0.0886,0.1753,0.64,81,1
IPCA,2025-08-27,03/2027,0.3538,0.34,0.0886,0.1753,0.64,105,0
Câmbio,2025-08-27,03/2027,5.6003,5.62,0.20650000000000002,5.0,6.24,61,1
Câmbio,2025-08-27,03/2027,5.6142,5.65,0.24680000000000002,4.7,6.3,87,0
IPCA Livres,2025-08-27,03/2027,0.3628,0.35000000000000003,0.0916,0.17,0.63,55,1
IPCA Livres,2025-08-27,03/2027,0.3547,0.35000000000000003,0.0995,0.16,0.64,68,0
IPCA Serviços,2025-08-27,03/2027,0.30870000000000003,0.295,0.1148,0.1,0.71,54,1
IPCA Serviços,2025-08-27,03/2027,0.2982,0.29,0.11410000000000001,0.0523,0.71,67,0
IPCA Bens industrializados,2025-08-27,03/2027,0.2674,0.27,0.0834,0.07,0.42710000000000004,52,1
IPCA Bens industrializados,2025-08-27,03/2027,0.25630000000000003,0.2666,0.0969,-0.1917,0.42710000000000004,65,0
IPCA Alimentação no domicílio,2025-08-27,03/2027,0.6091,0.58,0.2426,0.13,1.4,53,1
IPCA Alimentação no domicílio,2025-08-27,03/2027,0.5907,0.58,0.24020000000000002,0.13,1.4,66,0
IPCA Administrados,2025-08-27,03/2027,0.3635,0.35000000000000003,0.1704,0.1,1.21,57,1
IPCA Administrados,2025-08-27,03/2027,0.3628,0.35000000000000003,0.165,0.1,1.21,70,0
IPCA,2025-08-27,02/2027,0.5713,0.56,0.14930000000000002,0.28,1.2883,82,1
IPCA,2025-08-27,02/2027,0.5592,0.56,0.1461,0.2,1.2883,106,0
Câmbio,2025-08-27,02/2027,5.6033,5.63,0.1958,5.0,6.16,61,1
Câmbio,2025-08-27,02/2027,5.6228,5.65,0.2308,4.8,6.3,88,0
IPCA Livres,2025-08-27,02/2027,0.5881000000000001,0.6000000000000001,0.134,0.1,0.81,56,1
IPCA Livres,2025-08-27,02/2027,0.5834,0.6000000000000001,0.1383,0.1,0.81,69,0
IPCA Serviços,2025-08-27,02/2027,0.8586,0.9,0.2388,0.1,1.27,55,1
IPCA Serviços,2025-08-27,02/2027,0.8698,0.9475,0.2273,0.1,1.27,68,0
IPCA Bens industrializados,2025-08-27,02/2027,0.2913,0.30000000000000004,0.1343,-0.01,0.81,53,1
IPCA Bens industrializados,2025-08-27,02/2027,0.2897,0.30000000000000004,0.13240000000000002,-0.01,0.81,66,0
IPCA Alimentação no domicílio,2025-08-27,02/2027,0.4529,0.405,0.2124,0.0,0.9,54,1
IPCA Alimentação no domicílio,2025-08-27,02/2027,0.4418,0.41000000000000003,0.20550000000000002,0.0,0.9,67,0
IPCA Administrados,2025-08-27,02/2027,0.4223,0.4,0.1729,0.11,0.85,58,1
IPCA Administrados,2025-08-27,02/2027,0.4072,0.4,0.1661,0.11,0.85,71,0
IGP-M,2025-08-27,01/2027,0.3864,0.37,0.10490000000000001,0.18,0.6900000000000001,41,1
IGP-M,2025-08-27,01/2027,0.3793,0.36,0.10830000000000001,0.1,0.6900000000000001,55,0
IPCA,2025-08-27,01/2027,0.3907,0.4,0.11720000000000001,0.0,0.6900000000000001,84,1
IPCA,2025-08-27,01/2027,0.3905,0.4,0.1148,0.0,0.6900000000000001,108,0
Câmbio,2025-08-27,01/2027,5.6028,5.601,0.19290000000000002,5.0,6.08,63,1
Câmbio,2025-08-27,01/2027,5.6278,5.65,0.2189,4.95,6.3,91,0
IPCA Livres,2025-08-27,01/2027,0.439,0.435,0.1188,0.12,0.8,56,1
IPCA Livres,2025-08-27,01/2027,0.4418,0.44,0.12,0.12,0.8,69,0
IPCA Serviços,2025-08-27,01/2027,0.3997,0.38,0.1366,0.15,0.91,55,1
IPCA Serviços,2025-08-27,01/2027,0.40280000000000005,0.385,0.1285,0.15,0.91,68,0
IPCA Bens industrializados,2025-08-27,01/2027,0.26430000000000003,0.26,0.0883,-0.04,0.48,53,1
IPCA Bens industrializados,2025-08-27,01/2027,0.2666,0.26,0.097,-0.04,0.48,66,0
IPCA Alimentação no domicílio,2025-08-27,01/2027,0.7832,0.8200000000000001,0.2801,0.22,1.3900000000000001,54,1
IPCA Alimentação no domicílio,2025-08-27,01/2027,0.7733,0.8,0.3039,-0.1,1.3900000000000001,67,0
IPCA Administrados,2025-08-27,01/2027,0.3643,0.365,0.1302,-0.12,0.75,58,1
IPCA Administrados,2025-08-27,01/2027,0.3569,0.36,0.1282,-0.12,0.75,71,0
IGP-M,2025-08-27,12/2026,0.4187,0.4,0.2107,-0.03,1.0,45,1
IGP-M,2025-08-27,12/2026,0.4274,0.398,0.19240000000000002,-0.03,1.0,64,0
IPCA,2025-08-27,12/2026,0.5075000000000001,0.51,0.1086,0.026600000000000002,0.8117000000000001,101,1
IPCA,2025-08-27,12/2026,0.5009,0.51,0.10450000000000001,0.026600000000000002,0.8117000000000001,135,0
Câmbio,2025-08-27,12/2026,5.6074,5.6,0.187,5.0,6.0,77,1
Câmbio,2025-08-27,12/2026,5.6389,5.63,0.19440000000000002,5.0,6.2,118,0
Taxa de desocupação,2025-08-27,12/2026,6.4013,6.4,0.7552,4.1,7.8,44,1
Taxa de desocupação,2025-08-27,12/2026,6.4391,6.5,0.6988000000000001,4.1,7.8,69,0
IPCA Livres,2025-08-27,12/2026,0.6212,0.6233000000000001,0.14120000000000002,0.33,0.9400000000000001,70,1
IPCA Livres,2025-08-27,12/2026,0.6088,0.61,0.1408,0.2306,0.9400000000000001,88,0
IPCA Serviços,2025-08-27,12/2026,0.6314000000000001,0.63,0.186,0.1115,1.1477,68,1
IPCA Serviços,2025-08-27,12/2026,0.6115,0.6000000000000001,0.17650000000000002,0.1115,1.1477,87,0
IPCA Bens industrializados,2025-08-27,12/2026,0.4324,0.43,0.1398,-0.08,0.9024000000000001,66,1
IPCA Bens industrializados,2025-08-27,12/2026,0.42450000000000004,0.42810000000000004,0.1404,-0.08,0.9024000000000001,84,0
IPCA Alimentação no domicílio,2025-08-27,12/2026,0.8343,0.85,0.30010000000000003,-0.23,1.8029000000000002,67,1
IPCA Alimentação no domicílio,2025-08-27,12/2026,0.8160000000000001,0.85,0.29450000000000004,-0.23,1.8029000000000002,84,0
IPCA Administrados,2025-08-27,12/2026,0.22710000000000002,0.24,0.21450000000000002,-0.34,1.1128,71,1
IPCA Administrados,2025-08-27,12/2026,0.2315,0.24,0.2011,-0.34,1.1128,90,0
IGP-M,2025-08-27,11/2026,0.438,0.4,0.2026,-0.02,1.03,45,1
IGP-M,2025-08-27,11/2026,0.468,0.405,0.21580000000000002,-0.02,1.15,64,0
IPCA,2025-08-27,11/2026,0.322,0.32,0.09240000000000001,0.05,0.58,101,1
IPCA,2025-08-27,11/2026,0.32430000000000003,0.32,0.0912,0.05,0.59,135,0
Câmbio,2025-08-27,11/2026,5.6126000000000005,5.6121,0.18780000000000002,5.0,6.0,73,1
Câmbio,2025-08-27,11/2026,5.6418,5.65,0.20140000000000002,5.0,6.3,109,0
Taxa de desocupação,2025-08-27,11/2026,6.2768,6.32,0.6971,4.6,7.7683,39,1
Taxa de desocupação,2025-08-27,11/2026,6.3339,6.4,0.6881,4.6,7.7683,59,0
IPCA Livres,2025-08-27,11/2026,0.35050000000000003,0.3467,0.0872,0.16,0.64,70,1
IPCA Livres,2025-08-27,11/2026,0.352,0.3417,0.0942,0.16,0.72,88,0
IPCA Serviços,2025-08-27,11/2026,0.392,0.37,0.12040000000000001,0.12,0.77,68,1
IPCA Serviços,2025-08-27,11/2026,0.38820000000000005,0.37,0.1136,0.12,0.77,87,0
IPCA Bens industrializados,2025-08-27,11/2026,0.0911,0.105,0.1446,-0.29,0.435,66,1
IPCA Bens industrializados,2025-08-27,11/2026,0.09870000000000001,0.12,0.1612,-0.4259,0.5455,84,0
IPCA Alimentação no domicílio,2025-08-27,11/2026,0.62,0.6000000000000001,0.2189,0.04,1.28,67,1
IPCA Alimentação no domicílio,2025-08-27,11/2026,0.6234000000000001,0.6000000000000001,0.2306,0.04,1.28,84,0
IPCA Administrados,2025-08-27,11/2026,0.21610000000000001,0.275,0.23570000000000002,-0.47000000000000003,0.72,72,1
IPCA Administrados,2025-08-27,11/2026,0.23820000000000002,0.2842,0.2286,-0.47000000000000003,0.72,91,0
IGP-M,2025-08-27,10/2026,0.4278,0.4,0.1651,0.04,0.8,45,1
IGP-M,2025-08-27,10/2026,0.4545,0.41590000000000005,0.17950000000000002,0.04,0.9500000000000001,64,0
IPCA,2025-08-27,10/2026,0.36260000000000003,0.36,0.07730000000000001,0.11,0.58,101,1
IPCA,2025-08-27,10/2026,0.36,0.35000000000000003,0.0717,0.11,0.58,135,0
Câmbio,2025-08-27,10/2026,5.6256,5.61,0.1902,5.0,6.0,73,1
Câmbio,2025-08-27,10/2026,5.6531,5.65,0.2021,5.0,6.25,109,0
Taxa de desocupação,2025-08-27,10/2026,6.3352,6.4,0.6908000000000001,5.1,7.7683,41,1
Taxa de desocupação,2025-08-27,10/2026,6.3798,6.4,0.6627000000000001,5.1,7.7683,61,0
IPCA Livres,2025-08-27,10/2026,0.42460000000000003,0.41000000000000003,0.0862,0.26,0.67,70,1
IPCA Livres,2025-08-27,10/2026,0.4182,0.405,0.0853,0.2187,0.67,88,0
IPCA Serviços,2025-08-27,10/2026,0.4248,0.42,0.105,0.19,0.66,68,1
IPCA Serviços,2025-08-27,10/2026,0.42050000000000004,0.42,0.1053,0.19,0.66,87,0
